Street Number,Street,Suburb
,ALCORN ST,TARRAGINDI
,ALDORA ST,TARRAGINDI
,AMULREE ST,TARRAGINDI
,ANDREA ST,TARRAGINDI
,ANDREW AVE,TARRAGINDI
,ARKWRIGHT ST,TARRAGINDI
,ARUNTA ST,TARRAGINDI
,ASKEW ST,TARRAGINDI
,BAILEY AVE,TARRAGINDI
,BAPAUME RD,TARRAGINDI
,BARKLEY ST,TARRAGINDI
,BARMORE ST,TARRAGINDI
,BARNEHURST ST,TARRAGINDI
,BARR ST,TARRAGINDI
,BELLHURST OTLK,TARRAGINDI
,BELVEDERE ST,TARRAGINDI
,BENBOW ST,TARRAGINDI
,BILSAND ST,TARRAGINDI
,BIRDWOOD RD,TARRAGINDI
,BOURRELET ST,TARRAGINDI
,BOVILL ST,TARRAGINDI
,BRAMSTON ST,TARRAGINDI
,BRENDON ST,TARRAGINDI
,BRETT ST,TARRAGINDI
,CAMBRAE ST,TARRAGINDI
,CHADWICK ST,TARRAGINDI
,CHAMBERLAIN ST,TARRAGINDI
,CHEVAL ST,TARRAGINDI
,CONNAH ST,TARRAGINDI
,COROMANDEL ST,TARRAGINDI
,CRACKNELL RD,TARRAGINDI
,CRAIGMONT ST,TARRAGINDI
,CRAMER ST,TARRAGINDI
,CRANHAM ST,TARRAGINDI
,CROPTHORNE ST,TARRAGINDI
,DAHL ST,TARRAGINDI
,DAVINA ST,TARRAGINDI
,DENHAM TCE,TARRAGINDI
,DOWNES ST,TARRAGINDI
,ECKERSLEY ST,TARRAGINDI
,EFFINGHAM ST,TARRAGINDI
,EKIBIN RD,TARRAGINDI
,ELLINGTON ST,TARRAGINDI
,ELLIOT ST,TARRAGINDI
,ESHER ST,TARRAGINDI
,ESSIE ST,TARRAGINDI
,ESTHER ST,TARRAGINDI
,FERNVALE RD,TARRAGINDI
,FERRAND ST,TARRAGINDI
,FINGAL ST,TARRAGINDI
,GAPAP ST,TARRAGINDI
,GARIOCH ST,TARRAGINDI
,GERARD ST,TARRAGINDI
,GILMORE ST,TARRAGINDI
,GLENAPLIN AVE,TARRAGINDI
,GLENCOE AVE,TARRAGINDI
,GREENHALGH ST,TARRAGINDI
,HEATHWHITE ST,TARRAGINDI
,HEXHAM ST,TARRAGINDI
,HINE ST,TARRAGINDI
,ISABELLA ST,TARRAGINDI
,JOYWOOD ST,TARRAGINDI
,KARA ST,TARRAGINDI
,KAYPEE ST,TARRAGINDI
,KENNETH ST,TARRAGINDI
,KIVAS ST,TARRAGINDI
,KOGARAH ST,TARRAGINDI
,KURING-GAI AVE,TARRAGINDI
,LANA ST,TARRAGINDI
,LANDOR ST,TARRAGINDI
,LANGHAM ST,TARRAGINDI
,LAURA ST,TARRAGINDI
,LAWRIE ST,TARRAGINDI
,LISLE ST,TARRAGINDI
,LUTZOW ST,TARRAGINDI
,MARCHANT ST,TARRAGINDI
,MARIEANDER ST,TARRAGINDI
,MARLTON ST,TARRAGINDI
,MARSHALL RD,TARRAGINDI
,MAYFIELD RD,TARRAGINDI
,MAYHECK ST,TARRAGINDI
,MCGUIRE ST,TARRAGINDI
,MESSINES RIDGE RD,TARRAGINDI
,MONASH RD,TARRAGINDI
,MONKTON ST,TARRAGINDI
,MOORBELL ST,TARRAGINDI
,NEWINGTON ST,TARRAGINDI
,ORFORD ST,TARRAGINDI
,PALLARANDA ST,TARRAGINDI
,PASSCHENDAELE ST,TARRAGINDI
,PAULINE ST,TARRAGINDI
,PEMBERTON ST,TARRAGINDI
,PERCY ST,TARRAGINDI
,PERONNE RD,TARRAGINDI
,PLAYFAIR ST,TARRAGINDI
,POPE ST,TARRAGINDI
,POZIERES RD,TARRAGINDI
,PRING ST,TARRAGINDI
,PRIOR ST,TARRAGINDI
,QUEENSTHORPE ST,TARRAGINDI
,RAPKIN ST,TARRAGINDI
,ROCHDALE AVE,TARRAGINDI
,RUBY AVE,TARRAGINDI
,SALKELD ST,TARRAGINDI
,SEXTON ST,TARRAGINDI
,SHAFTESBURY ST,TARRAGINDI
,SHEPSTONE ST,TARRAGINDI
,SKYLINE AVE,TARRAGINDI
,SNOWDEN ST,TARRAGINDI
,SOLNA ST,TARRAGINDI
,SOUTH EAST FRWY,TARRAGINDI
,STRATHFIELD ST,TARRAGINDI
,SUNSHINE AVE,TARRAGINDI
,TAMARANG ST,TARRAGINDI
,TARRAGINDI RD,TARRAGINDI
,TENNESSEE AVE,TARRAGINDI
,THORNYCROFT ST,TARRAGINDI
,TOOHEY RD,TARRAGINDI
,TURRAMURRA RD,TARRAGINDI
,VINRAY ST,TARRAGINDI
,VISTA AVE,TARRAGINDI
,WEAL AVE,TARRAGINDI
,WELLER RD,TARRAGINDI
,WILLIS ST,TARRAGINDI
,WINDMILL ST,TARRAGINDI
,WOOLTON ST,TARRAGINDI
,ABERCROMBIE ST,TENERIFFE
,ARTHUR ST,TENERIFFE
,BAKER ST,TENERIFFE
,BEESTON ST,TENERIFFE
,CHERMSIDE ST,TENERIFFE
,CHESTER ST,TENERIFFE
,COMMERCIAL RD,TENERIFFE
,CRASE ST,TENERIFFE
,DAVIDSON TCE,TENERIFFE
,DOGGETT ST,TENERIFFE
,ELLIS ST,TENERIFFE
,FLORENCE ST,TENERIFFE
,GIBBON ST,TENERIFFE
,HARCOURT ST,TENERIFFE
,HASTINGS ST,TENERIFFE
,HELEN ST,TENERIFFE
,KENT ST,TENERIFFE
,KINGSHOLME ST,TENERIFFE
,LITTLE CHESTER ST,TENERIFFE
,MACKELLAR ST,TENERIFFE
,MACQUARIE ST,TENERIFFE
,MIDVALE LANE,TENERIFFE
,MOLE ST,TENERIFFE
,PATTERSON ST,TENERIFFE
,SKYRING TCE,TENERIFFE
,SMALL ST,TENERIFFE
,TENERIFFE DR,TENERIFFE
,VERNON TCE,TENERIFFE
,WALKER AVE,TENERIFFE
,WAVERLEY ST,TENERIFFE
,WYANDRA ST,TENERIFFE
,CAMELOT ST,TENNYSON
,CURZON ST,TENNYSON
,DAVID ST,TENNYSON
,DEXTER ST,TENNYSON
,FAIRFIELD RD,TENNYSON
,GERLEE ST,TENNYSON
,KING ARTHUR TCE,TENNYSON
,LANCELOT ST,TENNYSON
,LOFTER ST,TENNYSON
,MERLIN ST,TENNYSON
,MYLA TCE,TENNYSON
,SOFTSTONE ST,TENNYSON
,TENNYSON MEMORIAL AVE,TENNYSON
,VIVIAN ST,TENNYSON
,WALKER ST,TENNYSON
,ABERDEEN CT,THE GAP
,ALLAMANDA ST,THE GAP
,ALLAMBIC ST,THE GAP
,ALLANDALE PL,THE GAP
,ALTON TCE,THE GAP
,ALUTHA RD,THE GAP
,AMINYA CL,THE GAP
,ANEMBO ST,THE GAP
,ARKANA ST,THE GAP
,ARKIN ST,THE GAP
,BALLYBRITT ST,THE GAP
,BARKALA ST,THE GAP
,BARRABOOKA DR,THE GAP
,BELCLARE ST,THE GAP
,BELINDA CL,THE GAP
,BELLATA ST,THE GAP
,BELLEROSE ST,THE GAP
,BENJAMINA PL,THE GAP
,BENNETT RD,THE GAP
,BENTON CL,THE GAP
,BERNARRA ST,THE GAP
,BILLEROY CT,THE GAP
,BIRKRIDGE PL,THE GAP
,BLUCHER AVE,THE GAP
,BOGUNDA ST,THE GAP
,BOMBALA ST,THE GAP
,BONROS PL,THE GAP
,BOTTLETREE PL,THE GAP
,BROADLAND ST,THE GAP
,BROMAR ST,THE GAP
,BROMPTON RD,THE GAP
,BROMWICH ST,THE GAP
,BROOKE CL,THE GAP
,BRUCKNER ST,THE GAP
,BRUREE ST,THE GAP
,BUCKARA ST,THE GAP
,BUNRATTY ST,THE GAP
,BUSHWICK ST,THE GAP
,CAMBRIDGE CL,THE GAP
,CANTERBURY PL,THE GAP
,CARINO CL,THE GAP
,CEDAR PL,THE GAP
,CEDARHURST ST,THE GAP
,CHAPROWE RD,THE GAP
,CHEPPEN ST,THE GAP
,CHESTNUT PL,THE GAP
,CHICESTER ST,THE GAP
,CLARE PL,THE GAP
,CLOGHAN ST,THE GAP
,COBBLE ST,THE GAP
,COOINDA ST,THE GAP
,COOLEHULL ST,THE GAP
,COOT-THA CL,THE GAP
,CORTON ST,THE GAP
,CRAIGMORE ST,THE GAP
,CURRAWANG ST,THE GAP
,D'AGUILAR RD,THE GAP
,DAJARRA ST,THE GAP
,DALPURA ST,THE GAP
,DANDALOO ST,THE GAP
,DAVANDER CL,THE GAP
,DEBBIE ST,THE GAP
,DELMARA CL,THE GAP
,DENNING ST,THE GAP
,DESBET ST,THE GAP
,DEVONHILL ST,THE GAP
,DILLON RD,THE GAP
,DONCELLA ST,THE GAP
,DONEGAL PL,THE GAP
,DOYLE PL,THE GAP
,DRAYTON PL,THE GAP
,DRISHANE ST,THE GAP
,DULZURA ST,THE GAP
,DUNGORY ST,THE GAP
,EASTON CL,THE GAP
,EDINA ST,THE GAP
,ELGATA ST,THE GAP
,ELVENDON ST,THE GAP
,EPPALONG ST,THE GAP
,ERANGA ST,THE GAP
,EXTASIS ST,THE GAP
,FAIREARTH ST,THE GAP
,FOOTHILL PL,THE GAP
,GARRAN PL,THE GAP
,GAWALLA ST,THE GAP
,GEORGANNE ST,THE GAP
,GEORGIA PL,THE GAP
,GILLOWAY CT,THE GAP
,GLEN AFFRIC ST,THE GAP
,GLEN RD,THE GAP
,GLENBRAE ST,THE GAP
,GLENEDEN CT,THE GAP
,GLENELLA ST,THE GAP
,GLENFERRIE PL,THE GAP
,GLENMORE ST,THE GAP
,GLENQUARIE PL,THE GAP
,GLENWOOD PL,THE GAP
,GOLDIE ST,THE GAP
,GRANTON PL,THE GAP
,GREGSUE CT,THE GAP
,GRENOBLE ST,THE GAP
,GRIMSBY ST,THE GAP
,GUNDARA ST,THE GAP
,GYMEA ST,THE GAP
,HABANA ST,THE GAP
,HARWARD ST,THE GAP
,HAWTHORN ST,THE GAP
,HICKORY CL,THE GAP
,HIGHGROVE CT,THE GAP
,HIGHWOOD RD,THE GAP
,HILDER RD,THE GAP
,HILLSIDE PL,THE GAP
,HOLLIS ST,THE GAP
,ILLOWRA ST,THE GAP
,INDRA ST,THE GAP
,INWOOD PL,THE GAP
,JAN ST,THE GAP
,JASPHER ST,THE GAP
,JEVONS ST,THE GAP
,JILLINDA PL,THE GAP
,JIMNA ST,THE GAP
,JIRRIMA ST,THE GAP
,KADINA ST,THE GAP
,KALIMNA ST,THE GAP
,KALOMA RD,THE GAP
,KARARA ST,THE GAP
,KAROWARA ST,THE GAP
,KARRIN ST,THE GAP
,KATOA ST,THE GAP
,KAYS RD,THE GAP
,KENDI ST,THE GAP
,KERNEL ST,THE GAP
,KIANDRA CL,THE GAP
,KILBOWIE ST,THE GAP
,KILCOLMAN ST,THE GAP
,KILMAINE ST,THE GAP
,KILNATOORA ST,THE GAP
,KILSBY ST,THE GAP
,KIMMULI PL,THE GAP
,KIMRUSKA PL,THE GAP
,KIRRI ST,THE GAP
,KOOKABAH ST,THE GAP
,KOORONG ST,THE GAP
,KRUSE PL,THE GAP
,KULAN ST,THE GAP
,KULLAROO ST,THE GAP
,LAHORE ST,THE GAP
,LEVITT RD,THE GAP
,LIVISTONA PL,THE GAP
,LOCHINVAR LANE,THE GAP
,LOCUST ST,THE GAP
,LOLITA ST,THE GAP
,LOMATTA ST,THE GAP
,MADDISON PL,THE GAP
,MADEIRA ST,THE GAP
,MADLO ST,THE GAP
,MAESTRA ST,THE GAP
,MAKER ST,THE GAP
,MALGOA ST,THE GAP
,MALTON ST,THE GAP
,MARANA ST,THE GAP
,MARGIT ST,THE GAP
,MARRAL ST,THE GAP
,MICHAELA CRES,THE GAP
,MINARD ST,THE GAP
,MINYA ST,THE GAP
,MIRANDI ST,THE GAP
,MOGGILL RD,THE GAP
,MONTROSE PL,THE GAP
,MOONMERA ST,THE GAP
,MOYGARA ST,THE GAP
,MOYRY ST,THE GAP
,MT NEBO RD,THE GAP
,MURRUA ST,THE GAP
,NAKINA LANE,THE GAP
,NAMBRUK ST,THE GAP
,NARAMBI ST,THE GAP
,NARGONG ST,THE GAP
,NAROO ST,THE GAP
,NEWARK PL,THE GAP
,NINA ST,THE GAP
,NUNKERI PL,THE GAP
,OANA ST,THE GAP
,OSBERG ST,THE GAP
,PALANA ST,THE GAP
,PALTARRA ST,THE GAP
,PAMBULA ST,THE GAP
,PANGELA ST,THE GAP
,PARAKA ST,THE GAP
,PARKSIDE CRES,THE GAP
,PARKVIEW DR,THE GAP
,PARTERRE CT,THE GAP
,PATEN RD,THE GAP
,PATRICIA DR,THE GAP
,PAYNE RD,THE GAP
,PENDER ST,THE GAP
,PENLEY ST,THE GAP
,PETMAR ST,THE GAP
,PHOENIX CL,THE GAP
,PILTON PL,THE GAP
,PINDARI ST,THE GAP
,PIRRIE ST,THE GAP
,QUIRK ST,THE GAP
,RAIKO ST,THE GAP
,REDWOOD PL,THE GAP
,REIGATE PL,THE GAP
,RIAWEENA ST,THE GAP
,RICHWILL ST,THE GAP
,RIDGEWAY ST,THE GAP
,ROMEA ST,THE GAP
,RONRUTH ST,THE GAP
,RONVER ST,THE GAP
,ROTHBURY PL,THE GAP
,SASSAFRAS ST,THE GAP
,SAXONVALE PL,THE GAP
,SCHOOL RD,THE GAP
,SETTLEMENT RD,THE GAP
,SHALDON ST,THE GAP
,SHALLMAR ST,THE GAP
,SHERMAN ST,THE GAP
,SPILSBY PL,THE GAP
,STONEHAWKE PL,THE GAP
,SWALE ST,THE GAP
,TALINGA ST,THE GAP
,TALLAWONG PL,THE GAP
,TAMARA ST,THE GAP
,TAMBOURA CT,THE GAP
,TANDARA ST,THE GAP
,TAPPA LANE,THE GAP
,TARPON ST,THE GAP
,TEROMA ST,THE GAP
,THOMSEN CT,THE GAP
,TILQUIN ST,THE GAP
,TINGWARD ST,THE GAP
,TINTON ST,THE GAP
,TOOLARA ST,THE GAP
,TRAWALLA ST,THE GAP
,TREBONNE ST,THE GAP
,TREVOSE ST,THE GAP
,TULLIRA ST,THE GAP
,TURANA ST,THE GAP
,TYLAW PL,THE GAP
,TYRRELL CT,THE GAP
,ULLIN ST,THE GAP
,VIRAE ST,THE GAP
,WALSALL ST,THE GAP
,WANDANA ST,THE GAP
,WARANA ST,THE GAP
,WARRALONG ST,THE GAP
,WARRUGA ST,THE GAP
,WATERCRESS PL,THE GAP
,WATERWORKS RD,THE GAP
,WATTLETREE PL,THE GAP
,WEEMALA ST,THE GAP
,WELLAND ST,THE GAP
,WESTGATE PL,THE GAP
,WHITEHEAD RD,THE GAP
,WILLOWOOD PL,THE GAP
,WOLLUNDRY PL,THE GAP
,WOODBINE ST,THE GAP
,WOODMERE ST,THE GAP
,WOODSIDE ST,THE GAP
,WOONGARRA ST,THE GAP
,WOORAMA RD,THE GAP
,WORSLEY ST,THE GAP
,WURINYA ST,THE GAP
,YALLAMURRA ST,THE GAP
,YANINA ST,THE GAP
,YARRABEE RD,THE GAP
,YOGA ST,THE GAP
,YOORALA ST,THE GAP
,YURUGA ST,THE GAP
,ABBEYFEALE ST,TINGALPA
,ANNETTE ST,TINGALPA
,ARAFURA CRES,TINGALPA
,ASHDALE CT,TINGALPA
,ATHLONE ST,TINGALPA
,BAMPTON PL,TINGALPA
,BELMONT RD,TINGALPA
,BLACKWELL ST,TINGALPA
,BOGNOR ST,TINGALPA
,BOOLONG ST,TINGALPA
,BOUNDARY ST,TINGALPA
,BROADLEAF CRES,TINGALPA
,BROKENWOOD CRCT,TINGALPA
,CAHIR ST,TINGALPA
,CALDER ST,TINGALPA
,CASHEL ST,TINGALPA
,CASSIM WAY,TINGALPA
,CASTLEREA ST,TINGALPA
,CELEBES CL,TINGALPA
,CONTAINER ST,TINGALPA
,COOCHIEMUDLO CL,TINGALPA
,COOCHIN PL,TINGALPA
,COONUNGAI PL,TINGALPA
,COX CL,TINGALPA
,CROSSLEY AVE,TINGALPA
,CRUSOE PL,TINGALPA
,CURRIGEE CRCT,TINGALPA
,DAIRY SWAMP RD,TINGALPA
,DEANBILLA ST,TINGALPA
,DIALBA CRES,TINGALPA
,EISLEY ST,TINGALPA
,EMCONA ST,TINGALPA
,ENTERPRISE PL,TINGALPA
,ERMELO RD,TINGALPA
,EVERSHOLT ST,TINGALPA
,FAIRFORD CT,TINGALPA
,FERNWELL ST,TINGALPA
,FLEMING RD,TINGALPA
,FLORES CL,TINGALPA
,GEORGIA CL,TINGALPA
,GORHAM ST,TINGALPA
,GRAYSTONE ST,TINGALPA
,GREENSLADE ST,TINGALPA
,GUMTREE CT,TINGALPA
,HAGLEY ST,TINGALPA
,HAMILTON ST,TINGALPA
,HANLEY ST,TINGALPA
,HEMMANT-TINGALPA RD,TINGALPA
,HEWSON ST,TINGALPA
,HONEYWELL ST,TINGALPA
,HONIARA ST,TINGALPA
,HUYBERS PL,TINGALPA
,INGLESTON RD,TINGALPA
,IVERNA ST,TINGALPA
,JARROW ST,TINGALPA
,JAVA CT,TINGALPA
,JOYON PL,TINGALPA
,KARRAGARRA PL,TINGALPA
,KESTON CT,TINGALPA
,KIRKPATRICK ST,TINGALPA
,KOBBLE ST,TINGALPA
,KOORINGAL ST,TINGALPA
,LAGUNA CRCT,TINGALPA
,LANGTRY CT,TINGALPA
,LEON ST,TINGALPA
,LINDEMAN PL,TINGALPA
,LOUGHREA ST,TINGALPA
,MACLEAY CRES,TINGALPA
,MANLY RD,TINGALPA
,MAROOM ST,TINGALPA
,MCCORKELL ST,TINGALPA
,MEADOWVIEW ST,TINGALPA
,MICHAEL PL,TINGALPA
,MILLENIUM PL,TINGALPA
,MOLUCCA PL,TINGALPA
,MONTEREY CRCT,TINGALPA
,MUNDA ST,TINGALPA
,MURARRIE RD,TINGALPA
,NEW CLEVELAND RD,TINGALPA
,PALGRAVE ST,TINGALPA
,PANDANUS PL,TINGALPA
,PANNIKIN PL,TINGALPA
,PEACHDALE ST,TINGALPA
,PERULPA ST,TINGALPA
,PROPRIETARY ST,TINGALPA
,PUMA ST,TINGALPA
,RADSTOCK PL,TINGALPA
,RANCH ST,TINGALPA
,ROSCREA ST,TINGALPA
,RYEDALE ST,TINGALPA
,SAMARINDA ST,TINGALPA
,SCHUMANN CL,TINGALPA
,SELKIRK ST,TINGALPA
,SHERINGHAM PL,TINGALPA
,SOLOMON CRES,TINGALPA
,ST HELENA PL,TINGALPA
,STANTON RD,TINGALPA
,SULU CT,TINGALPA
,TEA TREE CT,TINGALPA
,TENBAR ST,TINGALPA
,THORNLAKE CT,TINGALPA
,THURSTON ST,TINGALPA
,TONBRIDGE PL,TINGALPA
,TOONDAH PL,TINGALPA
,TORQUAY CRES,TINGALPA
,TRABEN ST,TINGALPA
,TREEBY ST,TINGALPA
,TREMAIN ST,TINGALPA
,TULEEN CL,TINGALPA
,VANE ST,TINGALPA
,VERA PL,TINGALPA
,VERDUN ST,TINGALPA
,VICTOR ST,TINGALPA
,VILLIERS ST,TINGALPA
,WALLINGTON ST,TINGALPA
,WASHINGTON AVE,TINGALPA
,WATTLE PL,TINGALPA
,WELSBY ST,TINGALPA
,WHITFORD ST,TINGALPA
,WONDALL RD,TINGALPA
,WYNNUM RD,TINGALPA
,ZODIAC CL,TINGALPA
,ADA ST,TOOWONG
,ANNERLEY ST,TOOWONG
,ARCHER ST,TOOWONG
,ASCOG TCE,TOOWONG
,ASTON ST,TOOWONG
,AUGUSTUS ST,TOOWONG
,BAYLISS ST,TOOWONG
,BENNETT ST,TOOWONG
,BENSON ST,TOOWONG
,BENT ST,TOOWONG
,BIRDWOOD TCE,TOOWONG
,BOOTH ST,TOOWONG
,BRISBANE ST,TOOWONG
,BRIXTON ST,TOOWONG
,BROSELEY RD,TOOWONG
,BURNS RD,TOOWONG
,BYWONG ST,TOOWONG
,CADELL ST,TOOWONG
,CAMP ST,TOOWONG
,CAMPBELL ST,TOOWONG
,CLAYTON LANE,TOOWONG
,CLOUSTON LANE,TOOWONG
,CORAM LANE,TOOWONG
,CORONATION DR,TOOWONG
,CROSS ST,TOOWONG
,CROYDON ST,TOOWONG
,CURLEW ST,TOOWONG
,DACRE ST,TOOWONG
,DARLEY ST,TOOWONG
,DEAN ST,TOOWONG
,DELUNGRA ST,TOOWONG
,DEMPSTER ST,TOOWONG
,DEPPER ST,TOOWONG
,DEVON ST,TOOWONG
,DOVERCOURT RD,TOOWONG
,DUKE ST,TOOWONG
,EARLE LANE,TOOWONG
,EBOR ST,TOOWONG
,ELDRIDGE ST,TOOWONG
,ELIZABETH ST,TOOWONG
,EMERSON ST,TOOWONG
,ESKMOUNT DR,TOOWONG
,ETON ST,TOOWONG
,EXMOUTH ST,TOOWONG
,EXPLORER ST,TOOWONG
,FEWINGS ST,TOOWONG
,FREDERICK ST,TOOWONG
,GILREY ST,TOOWONG
,GLEN RD,TOOWONG
,GLENNY ST,TOOWONG
,GOLDING ST,TOOWONG
,GOWER ST,TOOWONG
,GREGORY ST,TOOWONG
,GROVE CRES,TOOWONG
,GROVE ST,TOOWONG
,HERBERT ST,TOOWONG
,HIGH ST,TOOWONG
,HOLLAND ST,TOOWONG
,HOLMES ST,TOOWONG
,HORROCKS ST,TOOWONG
,IVY ST,TOOWONG
,JEPHSON ST,TOOWONG
,JOSLING ST,TOOWONG
,KAPUNDA ST,TOOWONG
,KATE ST,TOOWONG
,KENSINGTON TCE,TOOWONG
,KENT ST,TOOWONG
,KERR ST,TOOWONG
,LAND ST,TOOWONG
,LANDSBOROUGH TCE,TOOWONG
,LISSNER ST,TOOWONG
,LITTLE MARYVALE ST,TOOWONG
,LODGE ST,TOOWONG
,MACDONNELL ST,TOOWONG
,MARAKET ST,TOOWONG
,MARKET ST,TOOWONG
,MARYVALE ST,TOOWONG
,MAYNE ST,TOOWONG
,MCGRATH ST,TOOWONG
,MILTON RD,TOOWONG
,MISKIN ST,TOOWONG
,MOGGILL RD,TOOWONG
,MORLEY ST,TOOWONG
,MOUNT ST,TOOWONG
,MUSGRAVE ST,TOOWONG
,NORWOOD ST,TOOWONG
,OKEDEN ST,TOOWONG
,OLD MT COOT-THA RD,TOOWONG
,ORCHARD ST,TOOWONG
,OXFORD RD,TOOWONG
,PAISLEY ST,TOOWONG
,PATRICK LANE,TOOWONG
,PICTAVIA ST,TOOWONG
,PIONEER ST,TOOWONG
,PURKISS ST,TOOWONG
,QUINN ST,TOOWONG
,RICHER ST,TOOWONG
,ROSE TCE,TOOWONG
,SHERWOOD RD,TOOWONG
,SIEMON ST,TOOWONG
,SIR SAMUEL GRIFFITH DR,TOOWONG
,SLEATH ST,TOOWONG
,SOUDAN ST,TOOWONG
,ST OSYTH ST,TOOWONG
,STANDRING ST,TOOWONG
,STUARTHOLME RD,TOOWONG
,SUSSEX ST,TOOWONG
,SYLVAN RD,TOOWONG
,TERRACE ST,TOOWONG
,THORPE ST,TOOWONG
,VALENTINE ST,TOOWONG
,VERA ST,TOOWONG
,VICTORIA CRES,TOOWONG
,WALTER ST,TOOWONG
,WARRAWEE ST,TOOWONG
,WELLS LANE,TOOWONG
,WHITMORE ST,TOOWONG
,WILMAC ST,TOOWONG
,WOODSTOCK RD,TOOWONG
,WOOL ST,TOOWONG
,CARBINE RD,UPPER BROOKFIELD
,FIG TREE LANE,UPPER BROOKFIELD
,GALVIN RD,UPPER BROOKFIELD
,GILLIES RD,UPPER BROOKFIELD
,GRANDVIEW RD,UPPER BROOKFIELD
,HAVEN RD,UPPER BROOKFIELD
,KITTANI ST,UPPER BROOKFIELD
,PACEY RD,UPPER BROOKFIELD
,SMITH LANE,UPPER BROOKFIELD
,UPPER BROOKFIELD RD,UPPER BROOKFIELD
,ABERDEEN PL,UPPER KEDRON
,ALEX CL,UPPER KEDRON
,ANCASTER RD,UPPER KEDRON
,ARRIS CL,UPPER KEDRON
,ASCENT ST,UPPER KEDRON
,AVALON PL,UPPER KEDRON
,BROMPTON RD,UPPER KEDRON
,BUDGERIGAR ST,UPPER KEDRON
,BUTLERS CL,UPPER KEDRON
,CANVEY RD,UPPER KEDRON
,CEDAR CREEK RD,UPPER KEDRON
,CEMETERY RD,UPPER KEDRON
,CHAROLAIS CRES,UPPER KEDRON
,COCKATOO ST,UPPER KEDRON
,DALE CT,UPPER KEDRON
,DUNDEE PL,UPPER KEDRON
,EDINBURGH CL,UPPER KEDRON
,EDWARD CL,UPPER KEDRON
,ELLIE CT,UPPER KEDRON
,FERNDALE PL,UPPER KEDRON
,GLENKYREE CL,UPPER KEDRON
,GLENTRYST CT,UPPER KEDRON
,GOSHAWK ST,UPPER KEDRON
,HALL CT,UPPER KEDRON
,HIGHBURY PL,UPPER KEDRON
,HONEYBEE PL,UPPER KEDRON
,INVERARY PL,UPPER KEDRON
,INVERNESS ST,UPPER KEDRON
,JULATTEN PL,UPPER KEDRON
,KARVELLA ST,UPPER KEDRON
,KATHDAN CL,UPPER KEDRON
,KILKENNY CL,UPPER KEDRON
,KINGFISHER DR,UPPER KEDRON
,KIRRALEE CRES,UPPER KEDRON
,KULNURA ST,UPPER KEDRON
,KYEAMBA CL,UPPER KEDRON
,KYNDALYN CL,UPPER KEDRON
,LEVITT RD,UPPER KEDRON
,LOCHINVAR RD,UPPER KEDRON
,MCKINNON CT,UPPER KEDRON
,MILLWOOD PL,UPPER KEDRON
,NYAMBER PL,UPPER KEDRON
,NYNGARIE PL,UPPER KEDRON
,OAKLANDS PL,UPPER KEDRON
,OQUINN RD,UPPER KEDRON
,OSPREY PL,UPPER KEDRON
,PARKWATER CL,UPPER KEDRON
,PICKERING PL,UPPER KEDRON
,PROSPECT PL,UPPER KEDRON
,REYNELLA CL,UPPER KEDRON
,RIDGE PL,UPPER KEDRON
,RISE PL,UPPER KEDRON
,RONALD CL,UPPER KEDRON
,ROSS RD,UPPER KEDRON
,SEEANA CT,UPPER KEDRON
,SELKIRK CRES,UPPER KEDRON
,SKYE PL,UPPER KEDRON
,STRATHMERE PL,UPPER KEDRON
,TALLIMBA ST,UPPER KEDRON
,THOMAS PL,UPPER KEDRON
,TREVALLYN PL,UPPER KEDRON
,TROSSACHS PL,UPPER KEDRON
,UPPER KEDRON RD,UPPER KEDRON
,VALLEY PL,UPPER KEDRON
,WYELLAN PL,UPPER KEDRON
,ABBEVILLE ST,UPPER MOUNT GRAVATT
,AGAY ST,UPPER MOUNT GRAVATT
,ARAFURA ST,UPPER MOUNT GRAVATT
,ARCHER ST,UPPER MOUNT GRAVATT
,ARCTIC ST,UPPER MOUNT GRAVATT
,ARILA ST,UPPER MOUNT GRAVATT
,AZANIAN ST,UPPER MOUNT GRAVATT
,BAFFIN ST,UPPER MOUNT GRAVATT
,BARKOOLA ST,UPPER MOUNT GRAVATT
,BELCARO ST,UPPER MOUNT GRAVATT
,BOLGER ST,UPPER MOUNT GRAVATT
,BROCKHOUSE ST,UPPER MOUNT GRAVATT
,CALE ST,UPPER MOUNT GRAVATT
,CALONNE ST,UPPER MOUNT GRAVATT
,CLEARY ST,UPPER MOUNT GRAVATT
,CREMIN ST,UPPER MOUNT GRAVATT
,CROXLEY ST,UPPER MOUNT GRAVATT
,CURFEW ST,UPPER MOUNT GRAVATT
,DAWSON RD,UPPER MOUNT GRAVATT
,DERWENT ST,UPPER MOUNT GRAVATT
,DOWRIE ST,UPPER MOUNT GRAVATT
,DUPRE ST,UPPER MOUNT GRAVATT
,EVERETT ST,UPPER MOUNT GRAVATT
,EXMOOR ST,UPPER MOUNT GRAVATT
,FREDA ST,UPPER MOUNT GRAVATT
,GERTY ST,UPPER MOUNT GRAVATT
,GRANBY ST,UPPER MOUNT GRAVATT
,GURNEY ST,UPPER MOUNT GRAVATT
,HAGEN ST,UPPER MOUNT GRAVATT
,HERTFORD ST,UPPER MOUNT GRAVATT
,HIBISCUS PL,UPPER MOUNT GRAVATT
,HILLGROVE ST,UPPER MOUNT GRAVATT
,HOAD ST,UPPER MOUNT GRAVATT
,KEHOE ST,UPPER MOUNT GRAVATT
,KELBURN ST,UPPER MOUNT GRAVATT
,KEMPSIE RD,UPPER MOUNT GRAVATT
,KESSELS RD,UPPER MOUNT GRAVATT
,KHANDALLA ST,UPPER MOUNT GRAVATT
,KINGSWAY ST,UPPER MOUNT GRAVATT
,KLUMPP RD,UPPER MOUNT GRAVATT
,LAHTI ST,UPPER MOUNT GRAVATT
,LARWOOD ST,UPPER MOUNT GRAVATT
,LAY ST,UPPER MOUNT GRAVATT
,LINDWALL ST,UPPER MOUNT GRAVATT
,LINK ST,UPPER MOUNT GRAVATT
,LOGAN RD,UPPER MOUNT GRAVATT
,LUMLEY ST,UPPER MOUNT GRAVATT
,LYNMOUTH ST,UPPER MOUNT GRAVATT
,LYNTON ST,UPPER MOUNT GRAVATT
,MACGREGOR ST,UPPER MOUNT GRAVATT
,MAINS RD,UPPER MOUNT GRAVATT
,MARADA ST,UPPER MOUNT GRAVATT
,MASCAR ST,UPPER MOUNT GRAVATT
,MASCOT ST,UPPER MOUNT GRAVATT
,MECKIFF ST,UPPER MOUNT GRAVATT
,MIRIMAR ST,UPPER MOUNT GRAVATT
,MT GRAVATT RD,UPPER MOUNT GRAVATT
,MT GRAVATT-CAPALABA RD,UPPER MOUNT GRAVATT
,NAGLE ST,UPPER MOUNT GRAVATT
,NEWNHAM RD,UPPER MOUNT GRAVATT
,NORTON ST,UPPER MOUNT GRAVATT
,O'GRADY ST,UPPER MOUNT GRAVATT
,PERKINS ST,UPPER MOUNT GRAVATT
,PHOEBUS ST,UPPER MOUNT GRAVATT
,PICKWORTH ST,UPPER MOUNT GRAVATT
,PINNER ST,UPPER MOUNT GRAVATT
,PLAYER ST,UPPER MOUNT GRAVATT
,POULTON ST,UPPER MOUNT GRAVATT
,PRENZLER ST,UPPER MOUNT GRAVATT
,QUEENSWAY ST,UPPER MOUNT GRAVATT
,REYDON ST,UPPER MOUNT GRAVATT
,ROSEWALL ST,UPPER MOUNT GRAVATT
,SANDERS ST,UPPER MOUNT GRAVATT
,SARAZEN ST,UPPER MOUNT GRAVATT
,SHUTE ST,UPPER MOUNT GRAVATT
,SOBERS ST,UPPER MOUNT GRAVATT
,SOMERFIELD ST,UPPER MOUNT GRAVATT
,SUNNYDALE ST,UPPER MOUNT GRAVATT
,THURLBY ST,UPPER MOUNT GRAVATT
,TIMOR ST,UPPER MOUNT GRAVATT
,TOLSON ST,UPPER MOUNT GRAVATT
,TREACHER ST,UPPER MOUNT GRAVATT
,TRYON ST,UPPER MOUNT GRAVATT
,VALMAR ST,UPPER MOUNT GRAVATT
,VEGA ST,UPPER MOUNT GRAVATT
,VENTURA ST,UPPER MOUNT GRAVATT
,VON NIDA ST,UPPER MOUNT GRAVATT
,WADLEY ST,UPPER MOUNT GRAVATT
,WANDA RD,UPPER MOUNT GRAVATT
,WATFORD ST,UPPER MOUNT GRAVATT
,WEMVERN ST,UPPER MOUNT GRAVATT
,WHEELER ST,UPPER MOUNT GRAVATT
,WILCLARKE ST,UPPER MOUNT GRAVATT
,WISHART RD,UPPER MOUNT GRAVATT
,ZETLAND ST,UPPER MOUNT GRAVATT
,ACACIA AVE,VIRGINIA
,BELMORE ST,VIRGINIA
,BILSEN RD,VIRGINIA
,BLINZINGER RD,VIRGINIA
,BORROWS ST,VIRGINIA
,BURREN ST,VIRGINIA
,CHRISRODNEY ST,VIRGINIA
,COONERANG ST,VIRGINIA
,DOWNFALL RD,VIRGINIA
,ESSEX ST,VIRGINIA
,FIRST ST,VIRGINIA
,GEORGE ST,VIRGINIA
,GOSS RD,VIRGINIA
,GYMPIE ST,VIRGINIA
,HAROLD ST,VIRGINIA
,HOPKINS ST,VIRGINIA
,HULME ST,VIRGINIA
,JEFFERIS ST,VIRGINIA
,KELLY RD,VIRGINIA
,KIA-ORA ST,VIRGINIA
,KUPPA ST,VIRGINIA
,LATHE ST,VIRGINIA
,LISGAR ST,VIRGINIA
,MADDOCKS ST,VIRGINIA
,MATHESON ST,VIRGINIA
,MEADFOOT RD,VIRGINIA
,NEWTOWN ST,VIRGINIA
,NIXON LANE,VIRGINIA
,NIXON ST,VIRGINIA
,NORTHLINK PL,VIRGINIA
,PILLIGA ST,VIRGINIA
,PRINCE ST,VIRGINIA
,PRITCHARD RD,VIRGINIA
,RADLEY ST,VIRGINIA
,RALEIGH RD,VIRGINIA
,ROBINSON RD,VIRGINIA
,ROYAL ST,VIRGINIA
,SALTASH ST,VIRGINIA
,SANDGATE RD,VIRGINIA
,SHANNON PL,VIRGINIA
,ST VINCENTS RD,VIRGINIA
,TAYLOR ST,VIRGINIA
,TELFORD ST,VIRGINIA
,TEMPLETON ST,VIRGINIA
,TOOMBUL RD,VIRGINIA
,ULLSWATER ST,VIRGINIA
,VAUXHALL ST,VIRGINIA
,VICTORY ST,VIRGINIA
,WADE ST,VIRGINIA
,WALTER ST,VIRGINIA
,WELLINGTON ST,VIRGINIA
,WEST PL,VIRGINIA
,WHITFIELD ST,VIRGINIA
,YARRAMAN PL,VIRGINIA
,ACTION ST,WACOL
,AIRY ST,WACOL
,AKENSIDE ST,WACOL
,BANDARA ST,WACOL
,BOUNDARY RD,WACOL
,BUKULLA ST,WACOL
,CAMPBELL AVE,WACOL
,CLENDON ST,WACOL
,COULSON ST,WACOL
,FIMMANE ST,WACOL
,FORMATION ST,WACOL
,GRINDLE RD,WACOL
,INDUSTRIAL AVE,WACOL
,IPSWICH RD,WACOL
,MCROYLE ST,WACOL
,MONTEREY ST,WACOL
,NEWTON PL,WACOL
,PALMER CRES,WACOL
,PRIORITY ST,WACOL
,PRODUCTION ST,WACOL
,PROGRESS RD,WACOL
,QUINDUS ST,WACOL
,SANANANDA ST,WACOL
,TILE ST,WACOL
,TREVINO PL,WACOL
,VIKING DR,WACOL
,WACOL STATION RD,WACOL
,WATERFORD RD,WACOL
,WESTGATE ST,WACOL
,WIGLOW ST,WACOL
,WILGA ST,WACOL
,WILRUNA ST,WACOL
,WURIGA ST,WACOL
,AQUA CT,WAKERLEY
,ARENGA ST,WAKERLEY
,ASHBURTON PL,WAKERLEY
,ASHCROFT CL,WAKERLEY
,BAILEY ST,WAKERLEY
,BALGOWLAH ST,WAKERLEY
,BARRINGTON CRES,WAKERLEY
,BARWIN ST,WAKERLEY
,BAYCHESTER PL,WAKERLEY
,BEHAN CRES,WAKERLEY
,BISLEY PL,WAKERLEY
,BLUE GUM PL,WAKERLEY
,BRIGHTON CT,WAKERLEY
,BROOK ST,WAKERLEY
,BRUSH BOX PL,WAKERLEY
,BURDEKIN ST,WAKERLEY
,BUTLER ST,WAKERLEY
,CALADIUM ST,WAKERLEY
,CAMMERAY CT,WAKERLEY
,CAMPBELL ST,WAKERLEY
,CANNES ST,WAKERLEY
,CARINGBAH ST,WAKERLEY
,CHIPPING CL,WAKERLEY
,CLAIRE PL,WAKERLEY
,CLARANCE ST,WAKERLEY
,CLIFF CL,WAKERLEY
,CLYDE CT,WAKERLEY
,COLETTE ST,WAKERLEY
,COLVIN CT,WAKERLEY
,CYNTHIA PL,WAKERLEY
,DAPHNE PL,WAKERLEY
,DARLING TCE,WAKERLEY
,DEMBY CRES,WAKERLEY
,DIANTHUS ST,WAKERLEY
,DOHERTY PL,WAKERLEY
,DUNDEE CRES,WAKERLEY
,EGGLETON PL,WAKERLEY
,ESK CRES,WAKERLEY
,FEATHERTAIL PL,WAKERLEY
,FENNESSY CL,WAKERLEY
,FIGTREE PL,WAKERLEY
,FOXWOOD CRCT,WAKERLEY
,FRANKLIN ST,WAKERLEY
,FRIEND ST,WAKERLEY
,GLIDER CL,WAKERLEY
,GORDON CRES,WAKERLEY
,GOULBURN ST,WAKERLEY
,GRANDIS CL,WAKERLEY
,GREENCAMP RD,WAKERLEY
,GUMDALE ST,WAKERLEY
,HABITAT DR,WAKERLEY
,HAWKSBURY CRES,WAKERLEY
,HAYES ST,WAKERLEY
,HEPBURN CL,WAKERLEY
,HYNDES CL,WAKERLEY
,INGLESTON RD,WAKERLEY
,ISAACS WAY,WAKERLEY
,IVY CRES,WAKERLEY
,IZZIES PL,WAKERLEY
,JASMINE ST,WAKERLEY
,JOY PL,WAKERLEY
,KATHERINE ST,WAKERLEY
,KENNY CT,WAKERLEY
,KENRICK CL,WAKERLEY
,LACHLAN DR,WAKERLEY
,LADBROKE ST,WAKERLEY
,LETITIA CL,WAKERLEY
,LEXEY CRES,WAKERLEY
,LITTLE CL,WAKERLEY
,LOCKYER ST,WAKERLEY
,LUIGINA CL,WAKERLEY
,MACCHION CL,WAKERLEY
,MACQUARIE ST,WAKERLEY
,MANLY RD,WAKERLEY
,MANOR CRES,WAKERLEY
,MARGARET CRES,WAKERLEY
,MATTHEWS WAY,WAKERLEY
,MCCORMACK PL,WAKERLEY
,MOSS RD,WAKERLEY
,MOSSVALE DR,WAKERLEY
,MURDOCK PL,WAKERLEY
,NEW CLEVELAND RD,WAKERLEY
,NILE CL,WAKERLEY
,NURSERY PL,WAKERLEY
,OLSEN CRES,WAKERLEY
,O'NEIL CT,WAKERLEY
,O'REILLY ST,WAKERLEY
,PAPERBARK PL,WAKERLEY
,PARKER CT,WAKERLEY
,PENNINGTON ST,WAKERLEY
,PHILLIPS PL,WAKERLEY
,RANSOM PL,WAKERLEY
,RED GUM CRES,WAKERLEY
,ROBIN CL,WAKERLEY
,ROSS PL,WAKERLEY
,ROWLAND AVE,WAKERLEY
,RUDKIN ST,WAKERLEY
,SALTBURN PL,WAKERLEY
,SHIELD CT,WAKERLEY
,SPRINGALL PL,WAKERLEY
,STENDELL ST,WAKERLEY
,SUPRANO PL,WAKERLEY
,SYLVATEERE CRES,WAKERLEY
,TALLIS ST,WAKERLEY
,TALLTREES CRCT,WAKERLEY
,TAYLOR PL,WAKERLEY
,THOMSON PL,WAKERLEY
,TILLEY RD,WAKERLEY
,TORRENS CRES,WAKERLEY
,TRIPCONY PL,WAKERLEY
,UHLMANN ST,WAKERLEY
,UNDERWOOD ST,WAKERLEY
,WARREN ST,WAKERLEY
,WATERVALE PDE,WAKERLEY
,WILLIAMS ST,WAKERLEY
,WILLIS ST,WAKERLEY
,WORCHESTER CRES,WAKERLEY
,YARRA RD,WAKERLEY
,ABBEY ST,WAVELL HEIGHTS
,ABDALE ST,WAVELL HEIGHTS
,ALAND ST,WAVELL HEIGHTS
,ALBAR ST,WAVELL HEIGHTS
,ALOE ST,WAVELL HEIGHTS
,ATHABASCA CL,WAVELL HEIGHTS
,AUSTIN ST,WAVELL HEIGHTS
,AVELING ST,WAVELL HEIGHTS
,AWABA ST,WAVELL HEIGHTS
,BAGOT ST,WAVELL HEIGHTS
,BARKER ST,WAVELL HEIGHTS
,BARRHEAD ST,WAVELL HEIGHTS
,BAYVIEW TCE,WAVELL HEIGHTS
,BEEBY ST,WAVELL HEIGHTS
,BELLOY ST,WAVELL HEIGHTS
,BELNOEL ST,WAVELL HEIGHTS
,BENECIA ST,WAVELL HEIGHTS
,BENEDICT ST,WAVELL HEIGHTS
,BENYON ST,WAVELL HEIGHTS
,BILSEN RD,WAVELL HEIGHTS
,BOWD PDE,WAVELL HEIGHTS
,BRAE ST,WAVELL HEIGHTS
,BURREN ST,WAVELL HEIGHTS
,CALGA ST,WAVELL HEIGHTS
,CAMPBELL TCE,WAVELL HEIGHTS
,CARNOT ST,WAVELL HEIGHTS
,CARONGA ST,WAVELL HEIGHTS
,CASTOR RD,WAVELL HEIGHTS
,CERISE ST,WAVELL HEIGHTS
,CHARLOTTE ST,WAVELL HEIGHTS
,CHESTERFIELD ST,WAVELL HEIGHTS
,CHIGWELL ST,WAVELL HEIGHTS
,CHILDERS ST,WAVELL HEIGHTS
,COROWA ST,WAVELL HEIGHTS
,CRESSEY ST,WAVELL HEIGHTS
,CROWNDALE ST,WAVELL HEIGHTS
,DELORAINE ST,WAVELL HEIGHTS
,DERAMORE ST,WAVELL HEIGHTS
,DOULEIN ST,WAVELL HEIGHTS
,DUFF ST,WAVELL HEIGHTS
,EDINBURGH CASTLE RD,WAVELL HEIGHTS
,ELDIN ST,WAVELL HEIGHTS
,ELIZA LANE,WAVELL HEIGHTS
,ENNOR ST,WAVELL HEIGHTS
,ESDALE ST,WAVELL HEIGHTS
,EVATT ST,WAVELL HEIGHTS
,FERGUSON RD,WAVELL HEIGHTS
,FORDHAM ST,WAVELL HEIGHTS
,FRANKIT ST,WAVELL HEIGHTS
,GAMBLE ST,WAVELL HEIGHTS
,GARDENIA ST,WAVELL HEIGHTS
,GERALDINE ST,WAVELL HEIGHTS
,GLENSIDE ST,WAVELL HEIGHTS
,GURLEY ST,WAVELL HEIGHTS
,HALCYON ST,WAVELL HEIGHTS
,HAMILTON RD,WAVELL HEIGHTS
,HANDCROFT ST,WAVELL HEIGHTS
,HIGHCREST AVE,WAVELL HEIGHTS
,HIGHLANDS ST,WAVELL HEIGHTS
,HOEY ST,WAVELL HEIGHTS
,HUBBARD ST,WAVELL HEIGHTS
,HUET ST,WAVELL HEIGHTS
,JEFFCOTT ST,WAVELL HEIGHTS
,JOPPA LANE,WAVELL HEIGHTS
,JULIA ST,WAVELL HEIGHTS
,KELVIN ST,WAVELL HEIGHTS
,KEMBLA ST,WAVELL HEIGHTS
,KENYA ST,WAVELL HEIGHTS
,KIAMA ST,WAVELL HEIGHTS
,KINMOND AVE,WAVELL HEIGHTS
,KOTARA ST,WAVELL HEIGHTS
,KYWONG ST,WAVELL HEIGHTS
,LAVENDER CL,WAVELL HEIGHTS
,LEIGHTON ST,WAVELL HEIGHTS
,LEMNOS ST,WAVELL HEIGHTS
,LOCHRAE ST,WAVELL HEIGHTS
,LUKE ST,WAVELL HEIGHTS
,MACEDON ST,WAVELL HEIGHTS
,MAGENTA ST,WAVELL HEIGHTS
,MAGGS ST,WAVELL HEIGHTS
,MAIN AVE,WAVELL HEIGHTS
,MANITOBA PL,WAVELL HEIGHTS
,MAPLE ST,WAVELL HEIGHTS
,MILLCAN ST,WAVELL HEIGHTS
,MINORE ST,WAVELL HEIGHTS
,NEWMAN RD,WAVELL HEIGHTS
,NIND ST,WAVELL HEIGHTS
,NORMAN ST,WAVELL HEIGHTS
,NORWICH ST,WAVELL HEIGHTS
,ODONNELL ST,WAVELL HEIGHTS
,ONTARIO ST,WAVELL HEIGHTS
,ORBEN ST,WAVELL HEIGHTS
,PALOMAR PDE,WAVELL HEIGHTS
,PARKHAM AVE,WAVELL HEIGHTS
,PEDLEY ST,WAVELL HEIGHTS
,PFINGST RD,WAVELL HEIGHTS
,PILBA ST,WAVELL HEIGHTS
,PILLIGA ST,WAVELL HEIGHTS
,POWER ST,WAVELL HEIGHTS
,PRIMROSE CL,WAVELL HEIGHTS
,RILATT ST,WAVELL HEIGHTS
,RODE RD,WAVELL HEIGHTS
,RODERICK ST,WAVELL HEIGHTS
,SANDGATE RD,WAVELL HEIGHTS
,SHAW RD,WAVELL HEIGHTS
,SILENE ST,WAVELL HEIGHTS
,SPENCE RD,WAVELL HEIGHTS
,ST LAWRENCE ST,WAVELL HEIGHTS
,STADCOR ST,WAVELL HEIGHTS
,STUBLEY ST,WAVELL HEIGHTS
,SUGARLOAF ST,WAVELL HEIGHTS
,SUMAR ST,WAVELL HEIGHTS
,SUNNY AVE,WAVELL HEIGHTS
,TAABINGA ST,WAVELL HEIGHTS
,TABULAM ST,WAVELL HEIGHTS
,TARM ST,WAVELL HEIGHTS
,TAYLOR ST,WAVELL HEIGHTS
,TELOPIA AVE,WAVELL HEIGHTS
,THORNTON PDE,WAVELL HEIGHTS
,TURQUOISE PL,WAVELL HEIGHTS
,VALE ST,WAVELL HEIGHTS
,VARCOE ST,WAVELL HEIGHTS
,VAUCLUSE ST,WAVELL HEIGHTS
,VIOLET PL,WAVELL HEIGHTS
,WADE ST,WAVELL HEIGHTS
,WARR ST,WAVELL HEIGHTS
,WARRABA AVE,WAVELL HEIGHTS
,WARRIL ST,WAVELL HEIGHTS
,WATCOMBE ST,WAVELL HEIGHTS
,WESTWOOD ST,WAVELL HEIGHTS
,WHITE ST,WAVELL HEIGHTS
,WIREGA ST,WAVELL HEIGHTS
,ZEEHAN ST,WAVELL HEIGHTS
,ADELAIDE ST,WEST END
,AMBLESIDE ST,WEST END
,AMERSHAM ST,WEST END
,ANTHONY ST,WEST END
,ARCHIBALD ST,WEST END
,ASHINGTON ST,WEST END
,AVEBURY ST,WEST END
,BAILEY ST,WEST END
,BANK ST,WEST END
,BARNSLEY ST,WEST END
,BEATTIE ST,WEST END
,BEESLEY ST,WEST END
,BESANT ST,WEST END
,BOND ST,WEST END
,BOUNDARY ST,WEST END
,BRADY ST,WEST END
,BRIGHTON RD,WEST END
,BRISTOL ST,WEST END
,BROWNING ST,WEST END
,BUCHANAN ST,WEST END
,CAMBRIDGE ST,WEST END
,CARLOW ST,WEST END
,CORBETT ST,WEST END
,CORDEAUX ST,WEST END
,CROWTHER ST,WEST END
,DAVENTRY ST,WEST END
,DONKIN ST,WEST END
,DORIS ST,WEST END
,DORNOCH TCE,WEST END
,DRAKE ST,WEST END
,DRURY ST,WEST END
,DUNCAN ST,WEST END
,EARLY LANE,WEST END
,EDGAR ST,WEST END
,EGBERT ST,WEST END
,EXETER ST,WEST END
,FERRY RD,WEST END
,FILMER ST,WEST END
,FORBES ST,WEST END
,GANGES ST,WEST END
,GLENFIELD ST,WEST END
,GRANVILLE ST,WEST END
,GRAY RD,WEST END
,GREET ST,WEST END
,HARDGRAVE RD,WEST END
,HARRIET ST,WEST END
,HILL END TCE,WEST END
,HOOGLEY ST,WEST END
,HORAN ST,WEST END
,IDA ST,WEST END
,JANE ST,WEST END
,JUMNA ST,WEST END
,KATRINE ST,WEST END
,KURILPA ST,WEST END
,LITTLE JANE ST,WEST END
,LOCH ST,WEST END
,LOWER HARDGRAVE RD,WEST END
,MILLER ST,WEST END
,MITCHELL ST,WEST END
,MOLLISON ST,WEST END
,MONTAGUE RD,WEST END
,MUSGRAVE ST,WEST END
,OCONNELL ST,WEST END
,ORLEIGH ST,WEST END
,PARIS ST,WEST END
,PIDGEON CL,WEST END
,PRINCHESTER ST,WEST END
,RAVEN ST,WEST END
,RICK LANE,WEST END
,ROGERS ST,WEST END
,RUSSELL ST,WEST END
,RYAN ST,WEST END
,SCOTT ST,WEST END
,SKELTON LANE,WEST END
,SKINNER ST,WEST END
,SPRING ST,WEST END
,SUSSEX ST,WEST END
,THOMAS ST,WEST END
,TURIN ST,WEST END
,VICTORIA ST,WEST END
,VULTURE ST,WEST END
,WHYNOT ST,WEST END
,WILSON ST,WEST END
,WOLFE ST,WEST END
,AMADEUS PL,WESTLAKE
,AVINIA PL,WESTLAKE
,AYR CL,WESTLAKE
,BAIKAL PL,WESTLAKE
,BALATON ST,WESTLAKE
,BALLARD PL,WESTLAKE
,BARBEL CL,WESTLAKE
,BARCOORAH ST,WESTLAKE
,BARRINE CL,WESTLAKE
,BELLAMBI PL,WESTLAKE
,BELLFIELD PL,WESTLAKE
,BIBRAS ST,WESTLAKE
,BLANC CL,WESTLAKE
,BONNEY PL,WESTLAKE
,BUFFALO ST,WESTLAKE
,BULAN ST,WESTLAKE
,BUNDORAN CL,WESTLAKE
,BURNSIDE CRES,WESTLAKE
,CALLABONNA ST,WESTLAKE
,CARNEGIE ST,WESTLAKE
,CLUTHA ST,WESTLAKE
,COLAC CT,WESTLAKE
,CONGO ST,WESTLAKE
,CORREA CL,WESTLAKE
,COWAL CL,WESTLAKE
,DEBORAH PL,WESTLAKE
,DORAN CL,WESTLAKE
,EACHAM CL,WESTLAKE
,EARN CL,WESTLAKE
,EVERARD ST,WESTLAKE
,FRANGIPANI ST,WESTLAKE
,GIDGI CL,WESTLAKE
,GILLEN CL,WESTLAKE
,GRASMERE ST,WESTLAKE
,HILLIUP ST,WESTLAKE
,HINDMARSH PL,WESTLAKE
,HORIZON DR,WESTLAKE
,KABOORA CRES,WESTLAKE
,KADGO PL,WESTLAKE
,KASBA CL,WESTLAKE
,LA BELLE CT,WESTLAKE
,LEFROY CL,WESTLAKE
,LOFFS RD,WESTLAKE
,LOMATIA CL,WESTLAKE
,LUCERNE ST,WESTLAKE
,MADURA CL,WESTLAKE
,MALATA CL,WESTLAKE
,MALLERY ST,WESTLAKE
,MARIBOR ST,WESTLAKE
,MEADOWBANK CT,WESTLAKE
,MENINDEE CT,WESTLAKE
,MOYLE CL,WESTLAKE
,NEWELL PL,WESTLAKE
,NISBET ST,WESTLAKE
,NYASA CL,WESTLAKE
,ORON CL,WESTLAKE
,OTTAWA ST,WESTLAKE
,PENONG ST,WESTLAKE
,RAESIDE ST,WESTLAKE
,RIGA CL,WESTLAKE
,RIVERVIEW CL,WESTLAKE
,ROPER CL,WESTLAKE
,ROWALLAN CL,WESTLAKE
,SEABROOK CRCT,WESTLAKE
,SHASTA CL,WESTLAKE
,TABOR ST,WESTLAKE
,TANA ST,WESTLAKE
,TANDOU ST,WESTLAKE
,TARRABOOL ST,WESTLAKE
,TEBERA ST,WESTLAKE
,TEKAPO ST,WESTLAKE
,TENNENT ST,WESTLAKE
,TIMARU CL,WESTLAKE
,TOLAGA ST,WESTLAKE
,URMIA CL,WESTLAKE
,WAIGEN CL,WESTLAKE
,WENDOUREE CRES,WESTLAKE
,WESTLAKE DR,WESTLAKE
,WIVENHOE CT,WESTLAKE
,WYARA CL,WESTLAKE
,YANTARA CT,WESTLAKE
,YARRA CL,WESTLAKE
,YARRUNGA CT,WESTLAKE
,ZAMBESI ST,WESTLAKE
,BOWHILL RD,WILLAWONG
,BURMAN RD,WILLAWONG
,BUTTONWOOD PL,WILLAWONG
,CAMDEN RD,WILLAWONG
,GARDENS DR,WILLAWONG
,GOODERHAM RD,WILLAWONG
,INDUSTRIAL CRES,WILLAWONG
,KING AVE,WILLAWONG
,LEAROYD RD,WILLAWONG
,MAHOGANY CT,WILLAWONG
,PARADISE RD,WILLAWONG
,SHERBROOKE RD,WILLAWONG
,WATSON RD,WILLAWONG
,ABUKLEA ST,WILSTON
,ADA ST,WILSTON
,ANGLISS ST,WILSTON
,ANTILL ST,WILSTON
,CLIFTON ST,WILSTON
,CRAMOND ST,WILSTON
,DALRYMPLE ST,WILSTON
,DIBLEY AVE,WILSTON
,DOVER ST,WILSTON
,EDMONDSTONE ST,WILSTON
,EIGHTH AVE,WILSTON
,FIFTH AVE,WILSTON
,FINSBURY ST,WILSTON
,GRANVILLE ST,WILSTON
,HARLE AVE,WILSTON
,HAWDON ST,WILSTON
,HEATHER ST,WILSTON
,HEWITT ST,WILSTON
,JEFFERY ST,WILSTON
,KATHERINE ST,WILSTON
,KEDRON BROOK RD,WILSTON
,LAMONT RD,WILSTON
,LANGLEY AVE,WILSTON
,LAUGHLAND ST,WILSTON
,LAUREL AVE,WILSTON
,LINCOLN ST,WILSTON
,LOVEDALE ST,WILSTON
,MACGREGOR ST,WILSTON
,MAIN AVE,WILSTON
,MARK ST,WILSTON
,MARS ST,WILSTON
,MELVIN ST,WILSTON
,MONTPELIER ST,WILSTON
,MUNNA ST,WILSTON
,MURRAY ST,WILSTON
,NEWMARKET RD,WILSTON
,NOBLE ST,WILSTON
,OLNEY ST,WILSTON
,PALING AVE,WILSTON
,PROSPECT ST,WILSTON
,RALSTON ST,WILSTON
,RAY ST,WILSTON
,RUTH ST,WILSTON
,SCRIVEN ST,WILSTON
,SILVESTER ST,WILSTON
,STAFFORD ST,WILSTON
,STAIN ST,WILSTON
,VALE ST,WILSTON
,VARDON ST,WILSTON
,YORK ST,WILSTON
,ADA ST,WINDSOR
,ADDISON ST,WINDSOR
,ALBANY ST,WINDSOR
,ALBION RD,WINDSOR
,ALGAR ST,WINDSOR
,ANDERSON ST,WINDSOR
,ANNIE ST,WINDSOR
,ARWIN TCE,WINDSOR
,BAIRD ST,WINDSOR
,BANK ST,WINDSOR
,BATCHELOR ST,WINDSOR
,BESS ST,WINDSOR
,BLACKMORE ST,WINDSOR
,BONYTHON ST,WINDSOR
,BOWEN ST,WINDSOR
,BOWSER ST,WINDSOR
,BRICKFIELD ST,WINDSOR
,BROOK ST,WINDSOR
,BROWN ST,WINDSOR
,BRYDEN ST,WINDSOR
,BUSH ST,WINDSOR
,BYRNE ST,WINDSOR
,CAMERON ST,WINDSOR
,CAMPBELL ST,WINDSOR
,CARTWRIGHT ST,WINDSOR
,CONSTITUTION RD,WINDSOR
,COX RD,WINDSOR
,CROWTHER ST,WINDSOR
,CULLEN ST,WINDSOR
,CUMBERLAND ST,WINDSOR
,DOWNEY ST,WINDSOR
,DRURY ST,WINDSOR
,EARLE ST,WINDSOR
,EDGAR ST,WINDSOR
,EILDON RD,WINDSOR
,ELAM ST,WINDSOR
,EPACRAS ST,WINDSOR
,FAIRLEIGH ST,WINDSOR
,FEDERATION ST,WINDSOR
,FIFTH AVE,WINDSOR
,FLAHERTY ST,WINDSOR
,FLOWER ST,WINDSOR
,FOSBERY ST,WINDSOR
,GALLWAY ST,WINDSOR
,GENNON ST,WINDSOR
,GILBERT RD,WINDSOR
,GOODACRE ST,WINDSOR
,GRAFTON ST,WINDSOR
,GRAHAM ST,WINDSOR
,GRANTSON ST,WINDSOR
,GREEN TCE,WINDSOR
,HADFIELD ST,WINDSOR
,HARRIS LANE,WINDSOR
,HARRIS ST,WINDSOR
,HOOKER ST,WINDSOR
,HORACE ST,WINDSOR
,JESSOP ST,WINDSOR
,KENNEDY ST,WINDSOR
,KIDMAN ST,WINDSOR
,LEDA ST,WINDSOR
,LEGEYT ST,WINDSOR
,LUTWYCHE RD,WINDSOR
,LYONS TCE,WINDSOR
,MACKAY ST,WINDSOR
,MAIN AVE,WINDSOR
,MARTHA ST,WINDSOR
,MAURICE ST,WINDSOR
,MAYGAR ST,WINDSOR
,MCDONALD RD,WINDSOR
,MCKENZIE ST,WINDSOR
,MOORE ST,WINDSOR
,MORRIS ST,WINDSOR
,NEWMARKET RD,WINDSOR
,NICHOLAS ST,WINDSOR
,NOBLE ST,WINDSOR
,NORTHEY ST,WINDSOR
,OAKWAL TCE,WINDSOR
,PALMER ST,WINDSOR
,PARSONS ST,WINDSOR
,PROSPECT RD,WINDSOR
,REID ST,WINDSOR
,ROBLANE ST,WINDSOR
,ROSEMOUNT TCE,WINDSOR
,ROUGHAM ST,WINDSOR
,RUPERT ST,WINDSOR
,SALT ST,WINDSOR
,SEVENTH AVE,WINDSOR
,SILVESTER ST,WINDSOR
,SIXTH AVE,WINDSOR
,SOMERSET ST,WINDSOR
,STAFFORD ST,WINDSOR
,STORKEY ST,WINDSOR
,SWAN TCE,WINDSOR
,TAYLOR ST,WINDSOR
,TENTH AVE,WINDSOR
,THONDLEY ST,WINDSOR
,THORNE ST,WINDSOR
,TRURO ST,WINDSOR
,TURNER ST,WINDSOR
,VICTORIA ST,WINDSOR
,WALKER ST,WINDSOR
,WHISH ST,WINDSOR
,WIGHT ST,WINDSOR
,ADNAR ST,WISHART
,ADRIAN PL,WISHART
,AGATON ST,WISHART
,ALBERON ST,WISHART
,AMSTERDAM ST,WISHART
,ANDALUCIA CT,WISHART
,ANDREE PL,WISHART
,ANISE ST,WISHART
,ARILA ST,WISHART
,AUCKLAND ST,WISHART
,AVENELL ST,WISHART
,BALLOCH ST,WISHART
,BANNING ST,WISHART
,BARCELONA ST,WISHART
,BATTUNGA ST,WISHART
,BELLBIRD CRES,WISHART
,BELLOT ST,WISHART
,BERKSHIRE CRES,WISHART
,BOYANDA ST,WISHART
,BROADWATER RD,WISHART
,CALANDA ST,WISHART
,CAMBRIDGE PL,WISHART
,CARNAC ST,WISHART
,CASSON ST,WISHART
,CATANIA ST,WISHART
,CEDARBIRD CT,WISHART
,CHELVA ST,WISHART
,COLOMBO ST,WISHART
,COLWYN ST,WISHART
,CONRAD PL,WISHART
,COORA ST,WISHART
,COPENHAGEN ST,WISHART
,COTSWOLD PL,WISHART
,COVENTRY PL,WISHART
,CRAIG ST,WISHART
,CUMMIN ST,WISHART
,DALLIN ST,WISHART
,DAWSON RD,WISHART
,DELAVAN ST,WISHART
,DENTON ST,WISHART
,DITMAS ST,WISHART
,DUNSHAW CT,WISHART
,EATON PL,WISHART
,EFFRA ST,WISHART
,ELKANA PL,WISHART
,ELMFIELD ST,WISHART
,ERINDALE CL,WISHART
,FAIR ST,WISHART
,FENIMORE ST,WISHART
,FLAMINGO CL,WISHART
,FRINTON ST,WISHART
,FULTON ST,WISHART
,GARIE ST,WISHART
,GENEVA ST,WISHART
,GILGO ST,WISHART
,GLASFORD ST,WISHART
,GREENIDGE ST,WISHART
,GREENLAND ST,WISHART
,GREENWOOD ST,WISHART
,HAM RD,WISHART
,HARVEY PL,WISHART
,HEWTON CT,WISHART
,HILARY ST,WISHART
,HOLDER ST,WISHART
,HUMMINGBIRD CRES,WISHART
,HURLSTONE ST,WISHART
,INGAL ST,WISHART
,JABIRU PL,WISHART
,JUSTICE ST,WISHART
,KAVANAGH RD,WISHART
,KENSINGTON PL,WISHART
,KENTWELL PL,WISHART
,KIANDRA CL,WISHART
,KINKUNA ST,WISHART
,KOOLA ST,WISHART
,LANI ST,WISHART
,LAPAGE PL,WISHART
,LEXINGTON PL,WISHART
,LIKALA ST,WISHART
,LOGAN RD,WISHART
,LOLA ST,WISHART
,LONSDALE PL,WISHART
,LORIKEET PL,WISHART
,MACK ST,WISHART
,MADRID CT,WISHART
,MAGENTA PL,WISHART
,MAHINA PL,WISHART
,MAIBRY ST,WISHART
,MAILEY ST,WISHART
,MALINYA PL,WISHART
,MALLETT CL,WISHART
,MALMROSE ST,WISHART
,MANDY ST,WISHART
,MANNETTO ST,WISHART
,MARTENSE ST,WISHART
,MATINCOCK ST,WISHART
,MAYFAIR CL,WISHART
,MCCARRON ST,WISHART
,MCCRACKEN ST,WISHART
,MERRICK ST,WISHART
,MICHELLE CRES,WISHART
,MIDWOOD ST,WISHART
,MINDONA ST,WISHART
,MOCKINGBIRD CT,WISHART
,MONTE CARLO ST,WISHART
,MONTREAL ST,WISHART
,MORELLA ST,WISHART
,MT GRAVATT-CAPALABA RD,WISHART
,NAPLES ST,WISHART
,NARAF ST,WISHART
,NEV CL,WISHART
,NEWNHAM RD,WISHART
,NORFOLK PL,WISHART
,PANAMA ST,WISHART
,PARAKEET CL,WISHART
,PETERGLEN ST,WISHART
,PINDARI CRES,WISHART
,PLEASANT PL,WISHART
,PORZ CT,WISHART
,PREBBLE ST,WISHART
,PUTNAM ST,WISHART
,REDPATH ST,WISHART
,REMSEN ST,WISHART
,ROSELLA CT,WISHART
,ROWE CL,WISHART
,SANDPIPER PL,WISHART
,SANDWELL CL,WISHART
,SANTANDER CT,WISHART
,SHERWOOD PL,WISHART
,SHILLINGTON PL,WISHART
,SIEBEN ST,WISHART
,SIRIUS ST,WISHART
,SNOWBIRD PL,WISHART
,SOMERSET WAY,WISHART
,SOVEREIGN CL,WISHART
,ST ANDREW PL,WISHART
,ST CLAIR CRES,WISHART
,ST GEORGE CT,WISHART
,STACKPOLE ST,WISHART
,STAFFORDSHIRE CL,WISHART
,SUFFOLK ST,WISHART
,TAPSCOTT ST,WISHART
,TAROOM ST,WISHART
,TEAGUE CT,WISHART
,TOULON ST,WISHART
,TUNNEY ST,WISHART
,TYRRELL ST,WISHART
,VELDA CL,WISHART
,VICKI PL,WISHART
,VIENNA PL,WISHART
,WEELSBY CL,WISHART
,WENDY PL,WISHART
,WESTMINSTER WAY,WISHART
,WILLETT ST,WISHART
,WINTHROP ST,WISHART
,WISHART RD,WISHART
,WOLCOTT ST,WISHART
,ELIZABETH ST,WOODRIDGE
,PAMELA CRES,WOODRIDGE
,ABINGDON ST,WOOLLOONGABBA
,AGNES ST,WOOLLOONGABBA
,ALBERT ST,WOOLLOONGABBA
,ALBION ST,WOOLLOONGABBA
,ANNERLEY RD,WOOLLOONGABBA
,ANNIE ST,WOOLLOONGABBA
,ARNE ST,WOOLLOONGABBA
,ARROW ST,WOOLLOONGABBA
,ATHERTON ST,WOOLLOONGABBA
,ATHLONE ST,WOOLLOONGABBA
,BALACLAVA ST,WOOLLOONGABBA
,BOURNE ST,WOOLLOONGABBA
,BROADWAY ST,WOOLLOONGABBA
,BRUCE ST,WOOLLOONGABBA
,BURANDA ST,WOOLLOONGABBA
,BURKE ST,WOOLLOONGABBA
,BYRNE ST,WOOLLOONGABBA
,CARL ST,WOOLLOONGABBA
,CATHERINE ST,WOOLLOONGABBA
,CHURCH AVE,WOOLLOONGABBA
,CHURCHILL ST,WOOLLOONGABBA
,CORNWALL ST,WOOLLOONGABBA
,COWLEY ST,WOOLLOONGABBA
,DERELLE ST,WOOLLOONGABBA
,DESHON ST,WOOLLOONGABBA
,DIBLEY ST,WOOLLOONGABBA
,DIGGER ST,WOOLLOONGABBA
,ELLIOTT ST,WOOLLOONGABBA
,FAVERSHAM ST,WOOLLOONGABBA
,FERN ST,WOOLLOONGABBA
,FLEURS ST,WOOLLOONGABBA
,FLOWER ST,WOOLLOONGABBA
,GIBBON ST,WOOLLOONGABBA
,GILLINGHAM ST,WOOLLOONGABBA
,GRATTAN ST,WOOLLOONGABBA
,GROVE ST,WOOLLOONGABBA
,GUY ST,WOOLLOONGABBA
,HARROGATE ST,WOOLLOONGABBA
,HAWTHORNE ST,WOOLLOONGABBA
,HEASLOP ST,WOOLLOONGABBA
,HENRY ST,WOOLLOONGABBA
,HOLDEN ST,WOOLLOONGABBA
,HUBERT ST,WOOLLOONGABBA
,IPSWICH RD,WOOLLOONGABBA
,JUNCTION ST,WOOLLOONGABBA
,JURGENS ST,WOOLLOONGABBA
,KENT ST,WOOLLOONGABBA
,LEAMINGTON ST,WOOLLOONGABBA
,LEONARD ST,WOOLLOONGABBA
,LEOPARD ST,WOOLLOONGABBA
,LEWIS ST,WOOLLOONGABBA
,LINE ST,WOOLLOONGABBA
,LINK ST,WOOLLOONGABBA
,LOCKHART ST,WOOLLOONGABBA
,LOGAN RD,WOOLLOONGABBA
,LONGLANDS ST,WOOLLOONGABBA
,LONGWOOD ST,WOOLLOONGABBA
,LOTUS ST,WOOLLOONGABBA
,LUCINDA ST,WOOLLOONGABBA
,MAIN ST,WOOLLOONGABBA
,MARTIN ST,WOOLLOONGABBA
,MAYNARD ST,WOOLLOONGABBA
,MERTON RD,WOOLLOONGABBA
,MORRISSEY ST,WOOLLOONGABBA
,MOSSGROVE ST,WOOLLOONGABBA
,MOUNTJOY ST,WOOLLOONGABBA
,MYRTLE ST,WOOLLOONGABBA
,NILE ST,WOOLLOONGABBA
,NORMAN ST,WOOLLOONGABBA
,OKEEFE ST,WOOLLOONGABBA
,OXFORD ST,WOOLLOONGABBA
,PARK RD,WOOLLOONGABBA
,PETERSON ST,WOOLLOONGABBA
,PRESTON ST,WOOLLOONGABBA
,QUALTROUGH ST,WOOLLOONGABBA
,QUARRY ST,WOOLLOONGABBA
,QUEEN BESS ST,WOOLLOONGABBA
,RAILWAY ST,WOOLLOONGABBA
,REDFERN ST,WOOLLOONGABBA
,REGENT ST,WOOLLOONGABBA
,REID ST,WOOLLOONGABBA
,REIS ST,WOOLLOONGABBA
,ROSS ST,WOOLLOONGABBA
,SALISBURY ST,WOOLLOONGABBA
,SCHOOL ST,WOOLLOONGABBA
,SOUTH EAST FRWY,WOOLLOONGABBA
,STANLEY ST,WOOLLOONGABBA
,SWORD ST,WOOLLOONGABBA
,TAYLOR ST,WOOLLOONGABBA
,TOOHEY ST,WOOLLOONGABBA
,TOTTENHAM ST,WOOLLOONGABBA
,TRAFALGAR ST,WOOLLOONGABBA
,TRINITY LANE,WOOLLOONGABBA
,TURBO DR,WOOLLOONGABBA
,VANDA ST,WOOLLOONGABBA
,VULTURE ST,WOOLLOONGABBA
,WALKER ST,WOOLLOONGABBA
,WELLINGTON RD,WOOLLOONGABBA
,WILTON ST,WOOLLOONGABBA
,WOLSELEY ST,WOOLLOONGABBA
,ADAMSON ST,WOOLOOWIN
,ALMORA ST,WOOLOOWIN
,ASHBOLT ST,WOOLOOWIN
,BALMAIN ST,WOOLOOWIN
,BELLS LANE,WOOLOOWIN
,BERTHA ST,WOOLOOWIN
,BLAKE ST,WOOLOOWIN
,BONNEY AVE,WOOLOOWIN
,BRIDGE ST,WOOLOOWIN
,BROOK RD,WOOLOOWIN
,BROOK ST,WOOLOOWIN
,CHALK ST,WOOLOOWIN
,CLARK ST,WOOLOOWIN
,CROMWELL ST,WOOLOOWIN
,DAWSON ST,WOOLOOWIN
,DICKSON ST,WOOLOOWIN
,EMMA ST,WOOLOOWIN
,EVELEIGH ST,WOOLOOWIN
,FELIX ST,WOOLOOWIN
,FLORRIE ST,WOOLOOWIN
,FRANCES AVE,WOOLOOWIN
,FRASER ST,WOOLOOWIN
,GORMAN ST,WOOLOOWIN
,HAMLEY ST,WOOLOOWIN
,HENRY ST,WOOLOOWIN
,HORTON ST,WOOLOOWIN
,HUDSON RD,WOOLOOWIN
,HUNTER ST,WOOLOOWIN
,INWOOD ST,WOOLOOWIN
,ISEDALE ST,WOOLOOWIN
,JIMBOUR ST,WOOLOOWIN
,JUDGE ST,WOOLOOWIN
,KEDRON PARK RD,WOOLOOWIN
,KEDRON ST,WOOLOOWIN
,KENT RD,WOOLOOWIN
,LISSON GR,WOOLOOWIN
,LODGE RD,WOOLOOWIN
,LUTWYCHE RD,WOOLOOWIN
,LYDIA ST,WOOLOOWIN
,MCINTYRE ST,WOOLOOWIN
,MCLENNAN ST,WOOLOOWIN
,MEREHAYE ST,WOOLOOWIN
,MORRIS ST,WOOLOOWIN
,NELSON ST,WOOLOOWIN
,NORMAN ST,WOOLOOWIN
,OLIVER ST,WOOLOOWIN
,OWEN ST,WOOLOOWIN
,PARK RD,WOOLOOWIN
,PRICE ST,WOOLOOWIN
,RAMONA ST,WOOLOOWIN
,RAWSON ST,WOOLOOWIN
,RIGBY ST,WOOLOOWIN
,ROSE ST,WOOLOOWIN
,ROSELEIGH ST,WOOLOOWIN
,SHAW RD,WOOLOOWIN
,STEWART AVE,WOOLOOWIN
,STOPFORD ST,WOOLOOWIN
,TERRACE ST,WOOLOOWIN
,THORPE ST,WOOLOOWIN
,THORROLD ST,WOOLOOWIN
,TORRANCE ST,WOOLOOWIN
,VIEW ST,WOOLOOWIN
,WELLINGTON ST,WOOLOOWIN
,WILLMINGTON ST,WOOLOOWIN
,WOOLOOWIN AVE,WOOLOOWIN
,WOOMBYE ST,WOOLOOWIN
,WRIDE ST,WOOLOOWIN
,ADAM ST,WYNNUM
,AGNES ST,WYNNUM
,AKONNA ST,WYNNUM
,ALKOOMIE ST,WYNNUM
,ALLEN ST,WYNNUM
,ALVERNA CL,WYNNUM
,ANDREW ST,WYNNUM
,ASHTON ST,WYNNUM
,AURIGA CL,WYNNUM
,AWOONGA ST,WYNNUM
,BANOON DR,WYNNUM
,BARNHAM ST,WYNNUM
,BAY TCE,WYNNUM
,BELLEW ST,WYNNUM
,BERRIMA ST,WYNNUM
,BERRINGAR ST,WYNNUM
,BESHAM PDE,WYNNUM
,BOSWELL TCE,WYNNUM
,BOXGROVE AVE,WYNNUM
,BRIDE ST,WYNNUM
,BRIDGE ST,WYNNUM
,BRINDISI PL,WYNNUM
,BUDERIM ST,WYNNUM
,BURKE ST,WYNNUM
,BYRNESIDE TCE,WYNNUM
,CAELUM CL,WYNNUM
,CAMERON PDE,WYNNUM
,CARLTON TCE,WYNNUM
,CARNATION ST,WYNNUM
,CASSIOPEIA PL,WYNNUM
,CEDAR ST,WYNNUM
,CHARLOTTE ST,WYNNUM
,CHESTNUT ST,WYNNUM
,CLARA ST,WYNNUM
,CLAYMEADE ST,WYNNUM
,COLINA ST,WYNNUM
,CONSTELLATION WAY,WYNNUM
,COOLCREST ST,WYNNUM
,COREEN ST,WYNNUM
,CROWN ST,WYNNUM
,CURVE AVE,WYNNUM
,CUSACK PDE,WYNNUM
,DAISY ST,WYNNUM
,DAVIDSON ST,WYNNUM
,DIBAR ST,WYNNUM
,DRAYTON TCE,WYNNUM
,EDITH ST,WYNNUM
,ELM ST,WYNNUM
,EMSWORTH ST,WYNNUM
,FLORENCE ST,WYNNUM
,FOX ST,WYNNUM
,FRENCH ST,WYNNUM
,GARVEY ST,WYNNUM
,GIBBS ST,WYNNUM
,GLENORA ST,WYNNUM
,GORDON PDE,WYNNUM
,GRAINGER ST,WYNNUM
,GRANADA ST,WYNNUM
,GRATTAN TCE,WYNNUM
,GREEN ST,WYNNUM
,GUM ST,WYNNUM
,HANNAM ST,WYNNUM
,HAYLOCK ST,WYNNUM
,HAYNES RD,WYNNUM
,HELMHOLD ST,WYNNUM
,HENRY ST,WYNNUM
,HEYMER ST,WYNNUM
,HILLCREST AVE,WYNNUM
,HUTTON AVE,WYNNUM
,HYDRUS PL,WYNNUM
,IRENE ST,WYNNUM
,JESSARD ST,WYNNUM
,JOFFRE ST,WYNNUM
,JOHNSTON ST,WYNNUM
,KARLOO ST,WYNNUM
,KINGSLEY TCE,WYNNUM
,KITCHENER ST,WYNNUM
,LACERTA PL,WYNNUM
,LAHEY CL,WYNNUM
,LITHGOW ST,WYNNUM
,LOUIS ST,WYNNUM
,MADGWICK ST,WYNNUM
,MANIN ST,WYNNUM
,MCFADDEN ST,WYNNUM
,MEILANDT ST,WYNNUM
,MELVILLE TCE,WYNNUM
,MORETON AVE,WYNNUM
,MOUNTJOY TCE,WYNNUM
,MUNGALA ST,WYNNUM
,NORLAND ST,WYNNUM
,OGILVIE ST,WYNNUM
,PANSY ST,WYNNUM
,PARKVIEW AVE,WYNNUM
,PATTERSON ST,WYNNUM
,PENFOLD PDE,WYNNUM
,PETERSEN ST,WYNNUM
,PICTON PDE,WYNNUM
,PINE ST,WYNNUM
,PRIMROSE PDE,WYNNUM
,PRITCHARD ST,WYNNUM
,PROSPECT ST,WYNNUM
,PYXIS CL,WYNNUM
,RADIUS ST,WYNNUM
,RANNOCK ST,WYNNUM
,ROBY ST,WYNNUM
,RONALD ST,WYNNUM
,RYDER ST,WYNNUM
,SANDY CAMP RD,WYNNUM
,SAUNDERS PL,WYNNUM
,SEAFORD ST,WYNNUM
,SELINA ST,WYNNUM
,SHEPHERD ST,WYNNUM
,SIBLEY RD,WYNNUM
,SINGER ST,WYNNUM
,SMYTHES AVE,WYNNUM
,SOUTHWICK ST,WYNNUM
,ST CATHERINES TCE,WYNNUM
,STANLEY TCE,WYNNUM
,STRADBROKE AVE,WYNNUM
,STRATTON TCE,WYNNUM
,SUNFLOWER ST,WYNNUM
,TAMAREE AVE,WYNNUM
,TANGORIN ST,WYNNUM
,THE ESPLANADE,WYNNUM
,THOMAS ST,WYNNUM
,THORNE ST,WYNNUM
,TINGAL RD,WYNNUM
,TUCANA CL,WYNNUM
,TULIP ST,WYNNUM
,UPLANDS TCE,WYNNUM
,URE ST,WYNNUM
,VIOLET ST,WYNNUM
,WALNUT ST,WYNNUM
,WARRA ST,WYNNUM
,WASSELL ST,WYNNUM
,WATERLOO ESP,WYNNUM
,WATERVIEW AVE,WYNNUM
,WEST AVE,WYNNUM
,WILDE ST,WYNNUM
,WOLSEY PDE,WYNNUM
,WORTHING ST,WYNNUM
,WYETH ST,WYNNUM
,WYNNUM ESP,WYNNUM
,WYNNUM NORTH ESP,WYNNUM
,WYNNUM NORTH RD,WYNNUM
,WYNNUM RD,WYNNUM
,ALLOA ST,WYNNUM WEST
,ALTER ST,WYNNUM WEST
,AMANDA ST,WYNNUM WEST
,ASHLAR CT,WYNNUM WEST
,ASTLEY ST,WYNNUM WEST
,BALNAVE ST,WYNNUM WEST
,BANKS CRES,WYNNUM WEST
,BEGONIA CT,WYNNUM WEST
,BERNAYS RD,WYNNUM WEST
,BETTONG ST,WYNNUM WEST
,BEVERLEY RD,WYNNUM WEST
,BIRRU ST,WYNNUM WEST
,BONNIEBRAE ST,WYNNUM WEST
,BRETT PL,WYNNUM WEST
,BRIERTY ST,WYNNUM WEST
,BROCKWORTH ST,WYNNUM WEST
,BULGIN AVE,WYNNUM WEST
,BUSHING ST,WYNNUM WEST
,CABANDA ST,WYNNUM WEST
,CALLISTEMON PL,WYNNUM WEST
,CAMILLE CRES,WYNNUM WEST
,CANNING CL,WYNNUM WEST
,CARABBEAN CL,WYNNUM WEST
,CARLIA ST,WYNNUM WEST
,CARLILE PL,WYNNUM WEST
,CARMICHAEL CT,WYNNUM WEST
,CATHBEN CT,WYNNUM WEST
,CAVANAUGH ST,WYNNUM WEST
,CELESTE CT,WYNNUM WEST
,CHANDOS ST,WYNNUM WEST
,CHAVE CT,WYNNUM WEST
,CLARE AVE,WYNNUM WEST
,COLA CRES,WYNNUM WEST
,COPERNICUS ST,WYNNUM WEST
,CORALIE AVE,WYNNUM WEST
,CRANLEIGH ST,WYNNUM WEST
,CRANSTON ST,WYNNUM WEST
,CRAWFORD RD,WYNNUM WEST
,CUNNINGHAM CT,WYNNUM WEST
,CUSCUS CT,WYNNUM WEST
,DALKERRY ST,WYNNUM WEST
,DASYURE PL,WYNNUM WEST
,DONBETH ST,WYNNUM WEST
,DOUGLAS CL,WYNNUM WEST
,DRYSDALE ST,WYNNUM WEST
,DULCIS PL,WYNNUM WEST
,DUNCAN ST,WYNNUM WEST
,DUVAL ST,WYNNUM WEST
,ECCLES ST,WYNNUM WEST
,EDWIN ST,WYNNUM WEST
,EMMETT ST,WYNNUM WEST
,EUSTON ST,WYNNUM WEST
,EVELYN RD,WYNNUM WEST
,FEDERATION ST,WYNNUM WEST
,FLORABELLE CT,WYNNUM WEST
,FOCH ST,WYNNUM WEST
,FORDEL ST,WYNNUM WEST
,GATEWAY ST,WYNNUM WEST
,GAYWOOD ST,WYNNUM WEST
,GLENJUSTINS ST,WYNNUM WEST
,GLENLYN ST,WYNNUM WEST
,GLENSHIEL ST,WYNNUM WEST
,GLENWOOD PL,WYNNUM WEST
,GRAINGER ST,WYNNUM WEST
,GREGGOR ST,WYNNUM WEST
,GREVILLEA PL,WYNNUM WEST
,GWYNNE ST,WYNNUM WEST
,HAIG ST,WYNNUM WEST
,HARDWICK ST,WYNNUM WEST
,HELLYER ST,WYNNUM WEST
,HERSWELL AVE,WYNNUM WEST
,HIGGS CRCT,WYNNUM WEST
,HOLLAND CRES,WYNNUM WEST
,IFFLEY ST,WYNNUM WEST
,INGLESTON ST,WYNNUM WEST
,IRVINE PL,WYNNUM WEST
,JACARANDA ST,WYNNUM WEST
,JACQUELINE PL,WYNNUM WEST
,JANINE ST,WYNNUM WEST
,JARED PL,WYNNUM WEST
,JAYBEN ST,WYNNUM WEST
,JESSIELEA ST,WYNNUM WEST
,JILLIAN PL,WYNNUM WEST
,JOHANNE ST,WYNNUM WEST
,KATIE ST,WYNNUM WEST
,KENMAR ST,WYNNUM WEST
,KIANAWAH RD,WYNNUM WEST
,LAUREN CL,WYNNUM WEST
,LEADALE ST,WYNNUM WEST
,LEITH CT,WYNNUM WEST
,LOYNES ST,WYNNUM WEST
,MACADAMIA ST,WYNNUM WEST
,MAGDALENE ST,WYNNUM WEST
,MALABAR ST,WYNNUM WEST
,MALANDA ST,WYNNUM WEST
,MALIA CT,WYNNUM WEST
,MANETTIA ST,WYNNUM WEST
,MARTY ST,WYNNUM WEST
,MAXWELL PL,WYNNUM WEST
,MAYBELENE CL,WYNNUM WEST
,MCCURLEY ST,WYNNUM WEST
,MELALEUCA PL,WYNNUM WEST
,MELISSA ST,WYNNUM WEST
,MERON ST,WYNNUM WEST
,MICHAEL ST,WYNNUM WEST
,MONTROSE PDE,WYNNUM WEST
,NATASHA ST,WYNNUM WEST
,NEMARRA ST,WYNNUM WEST
,NETWORK DR,WYNNUM WEST
,NEW LINDUM RD,WYNNUM WEST
,NORTH RD,WYNNUM WEST
,ORSAN ST,WYNNUM WEST
,PACA CT,WYNNUM WEST
,PAMELA ST,WYNNUM WEST
,PANDOREA ST,WYNNUM WEST
,PATTERSON ST,WYNNUM WEST
,PAVLU ST,WYNNUM WEST
,PECAN ST,WYNNUM WEST
,PETREA CT,WYNNUM WEST
,PINEWOOD ST,WYNNUM WEST
,PLAZA ST,WYNNUM WEST
,POINCIANA ST,WYNNUM WEST
,PRESTON RD,WYNNUM WEST
,PRIMROSE PDE,WYNNUM WEST
,RACHAEL CT,WYNNUM WEST
,RANDALL RD,WYNNUM WEST
,REGENT ST,WYNNUM WEST
,RENE CT,WYNNUM WEST
,RINGTAIL PL,WYNNUM WEST
,RODNEY ST,WYNNUM WEST
,ROPLEY RD,WYNNUM WEST
,ROSEBERRY PDE,WYNNUM WEST
,ROSENEATH PDE,WYNNUM WEST
,ROSIER ST,WYNNUM WEST
,RUSSELL CL,WYNNUM WEST
,SAMANTHA ST,WYNNUM WEST
,SANDIES PL,WYNNUM WEST
,SANDY CAMP RD,WYNNUM WEST
,SASHA ST,WYNNUM WEST
,SCANLEN CRES,WYNNUM WEST
,SCHOOL RD,WYNNUM WEST
,SIBLEY RD,WYNNUM WEST
,SIGNATA CL,WYNNUM WEST
,SOLANDRA ST,WYNNUM WEST
,SORRENTO ST,WYNNUM WEST
,STOCKYARD ST,WYNNUM WEST
,SUMMIT PL,WYNNUM WEST
,SUZANNE ST,WYNNUM WEST
,TALEGALLA ST,WYNNUM WEST
,TEMPLAR ST,WYNNUM WEST
,TINGALPA ST,WYNNUM WEST
,TRACEY ST,WYNNUM WEST
,ULAGREE ST,WYNNUM WEST
,URSULA PL,WYNNUM WEST
,VENN CT,WYNNUM WEST
,VIRGINIA PL,WYNNUM WEST
,WALLEN PL,WYNNUM WEST
,WEBBER PL,WYNNUM WEST
,WESTAWAY PL,WYNNUM WEST
,WINSTON ST,WYNNUM WEST
,WIRRA CRCT,WYNNUM WEST
,WONDALL RD,WYNNUM WEST
,WYNNUM NORTH RD,WYNNUM WEST
,WYNNUM RD,WYNNUM WEST
,YEO CT,WYNNUM WEST
,YERING PL,WYNNUM WEST
,ALBEMARLE ST,YEERONGPILLY
,ALLAWAH ST,YEERONGPILLY
,BIARRA ST,YEERONGPILLY
,BLACK ST,YEERONGPILLY
,BOW ST,YEERONGPILLY
,BRADLEY ST,YEERONGPILLY
,CARDROSS ST,YEERONGPILLY
,CHALE ST,YEERONGPILLY
,CRICHTON ST,YEERONGPILLY
,DAWSON ST,YEERONGPILLY
,ETHEL ST,YEERONGPILLY
,EVESHAM ST,YEERONGPILLY
,FAIRFIELD RD,YEERONGPILLY
,GOW ST,YEERONGPILLY
,GREEN ST,YEERONGPILLY
,GROSVENOR ST,YEERONGPILLY
,GUS ST,YEERONGPILLY
,IPSWICH RD,YEERONGPILLY
,KING ARTHUR TCE,YEERONGPILLY
,LIVINGSTONE ST,YEERONGPILLY
,MOOLABIN CRES,YEERONGPILLY
,NATHAN TCE,YEERONGPILLY
,OLOAN ST,YEERONGPILLY
,ORTIVE ST,YEERONGPILLY
,PALOMAR RD,YEERONGPILLY
,PARK LANE,YEERONGPILLY
,PARK RD,YEERONGPILLY
,PATRICK ST,YEERONGPILLY
,PULLE ST,YEERONGPILLY
,SODEN ST,YEERONGPILLY
,SOMERSET ST,YEERONGPILLY
,SOUTH ST,YEERONGPILLY
,STAMFORD ST,YEERONGPILLY
,STATION RD,YEERONGPILLY
,TEES ST,YEERONGPILLY
,TENNYSON MEMORIAL AVE,YEERONGPILLY
,VARLEY ST,YEERONGPILLY
,WATTLE AVE,YEERONGPILLY
,WILKIE ST,YEERONGPILLY
,WINGARRA ST,YEERONGPILLY
,ANITA ST,YERONGA
,ARANUI ST,YERONGA
,ARRAS ST,YERONGA
,ASTOLAT ST,YERONGA
,ATHOL ST,YERONGA
,AVOCA ST,YERONGA
,BELFAST ST,YERONGA
,BRADLEY ST,YERONGA
,BRISBANE CSO,YERONGA
,CANSDALE ST,YERONGA
,CASSIA LANE,YERONGA
,CHRISTENSEN ST,YERONGA
,COOK ST,YERONGA
,CORK ST,YERONGA
,COWPER ST,YERONGA
,DALTON ST,YERONGA
,DAYS AVE,YERONGA
,DEVON ST,YERONGA
,DIANE ST,YERONGA
,DOUGLAS ST,YERONGA
,DUBLIN ST,YERONGA
,DULWICH RD,YERONGA
,ELLESMERE ST,YERONGA
,ESPLANADE,YERONGA
,EVERSLEY TCE,YERONGA
,FAIRFIELD RD,YERONGA
,FEEZ ST,YERONGA
,GRIMES ST,YERONGA
,GROUNDS ST,YERONGA
,HERITAGE CL,YERONGA
,HYDE RD,YERONGA
,INSTOW ST,YERONGA
,IPSWICH RD,YERONGA
,KADUMBA ST,YERONGA
,KILLARNEY ST,YERONGA
,KINGSLEY PDE,YERONGA
,LAKE ST,YERONGA
,LILY AVE,YERONGA
,MANSON PDE,YERONGA
,NELSON ST,YERONGA
,OAKWOOD ST,YERONGA
,ORAMA RD,YERONGA
,ORARI RD,YERONGA
,ORCADES RD,YERONGA
,ORESTES RD,YERONGA
,ORIANA CRES,YERONGA
,ORIEL RD,YERONGA
,ORIENT RD,YERONGA
,ORLANDO RD,YERONGA
,ORMADALE RD,YERONGA
,ORMONDE RD,YERONGA
,ORMUZ RD,YERONGA
,ORONTES RD,YERONGA
,ORSOVA RD,YERONGA
,ORTIVE ST,YERONGA
,ORVIETO ST,YERONGA
,OSRIC ST,YERONGA
,OSTERLEY RD,YERONGA
,OTAKI RD,YERONGA
,OVENDEAN ST,YERONGA
,PARAGON ST,YERONGA
,PARK RD,YERONGA
,QUERRIN ST,YERONGA
,RHYNDARRA ST,YERONGA
,RIVERVIEW PL,YERONGA
,ROME ST,YERONGA
,SCHOOL RD,YERONGA
,SEIDLER ST,YERONGA
,SHOTTERY ST,YERONGA
,SIMON ST,YERONGA
,SOMERSET ST,YERONGA
,STEVENS ST,YERONGA
,UTZON ST,YERONGA
,VENNER RD,YERONGA
,VIOLET ST,YERONGA
,WILLIAM PDE,YERONGA
,WILTON TCE,YERONGA
,YERONGA ST,YERONGA
,YVONNE ST,YERONGA
,ALEXANDER ST,ZILLMERE
,ARDILL ST,ZILLMERE
,BAMBARA ST,ZILLMERE
,BANYAN PL,ZILLMERE
,BARTHOLOMEW ST,ZILLMERE
,BATTERSBY ST,ZILLMERE
,BEAMS RD,ZILLMERE
,BEBBINGTON ST,ZILLMERE
,BECKMAN ST,ZILLMERE
,BIRDWOOD ST,ZILLMERE
,BRADWELL ST,ZILLMERE
,BRASSINGTON ST,ZILLMERE
,BROLGA PL,ZILLMERE
,BUDGEREE ST,ZILLMERE
,BULWER ST,ZILLMERE
,CARRIE ST,ZILLMERE
,CHARLIE ST,ZILLMERE
,CHURCH RD,ZILLMERE
,CLEWITT ST,ZILLMERE
,COLLARD ST,ZILLMERE
,CONROY ST,ZILLMERE
,COXEN ST,ZILLMERE
,CREAGH ST,ZILLMERE
,CRESFIELD ST,ZILLMERE
,CROWLEY ST,ZILLMERE
,DAFFODIL CL,ZILLMERE
,DONOVAN ST,ZILLMERE
,DUFFY ST,ZILLMERE
,DULENDELLA ST,ZILLMERE
,DUNSFORD ST,ZILLMERE
,EWING ST,ZILLMERE
,FAHEY ST,ZILLMERE
,FISHER PDE,ZILLMERE
,FOWLES ST,ZILLMERE
,FUNNELL ST,ZILLMERE
,GILLIES ST,ZILLMERE
,GLASGOW ST,ZILLMERE
,GLEDSON ST,ZILLMERE
,GLENGELLAN ST,ZILLMERE
,GRANT ST,ZILLMERE
,GRASSPAN ST,ZILLMERE
,HACK ST,ZILLMERE
,HALCOMB ST,ZILLMERE
,HANDFORD RD,ZILLMERE
,HARBACK ST,ZILLMERE
,HAROLD ST,ZILLMERE
,HARRY ST,ZILLMERE
,HINCHCLIFFE ST,ZILLMERE
,HIRSCHFIELD ST,ZILLMERE
,HODGSON ST,ZILLMERE
,HOLBERTON ST,ZILLMERE
,HORWITZ ST,ZILLMERE
,ILLAWONG ST,ZILLMERE
,JABIRU PL,ZILLMERE
,JENNINGS ST,ZILLMERE
,JESSON ST,ZILLMERE
,KAKADU CRCT,ZILLMERE
,KERN ST,ZILLMERE
,KEYATTA ST,ZILLMERE
,KILPATRICK ST,ZILLMERE
,KOLBERG ST,ZILLMERE
,LARCOMBE ST,ZILLMERE
,LERIDA ST,ZILLMERE
,LOVEGROVE ST,ZILLMERE
,MACANSH ST,ZILLMERE
,MAHER ST,ZILLMERE
,MCGHIE ST,ZILLMERE
,MCPHAIL ST,ZILLMERE
,MERRETT AVE,ZILLMERE
,MIDYIM ST,ZILLMERE
,MULLER RD,ZILLMERE
,MURPHY RD,ZILLMERE
,NICKEL ST,ZILLMERE
,NORBITON ST,ZILLMERE
,OBIRI PL,ZILLMERE
,ORISSA ST,ZILLMERE
,O'SHEA ST,ZILLMERE
,PASSMORE ST,ZILLMERE
,PERCY ST,ZILLMERE
,PINEAPPLE ST,ZILLMERE
,PIONEER ST,ZILLMERE
,PRETORIA ST,ZILLMERE
,PRISCILLA ST,ZILLMERE
,PURNELL ST,ZILLMERE
,RIDGMONT ST,ZILLMERE
,ROBINSON RD,ZILLMERE
,RODWAY ST,ZILLMERE
,ROWELL ST,ZILLMERE
,SAXBY ST,ZILLMERE
,SEENEY ST,ZILLMERE
,SLESSAR ST,ZILLMERE
,SPANO ST,ZILLMERE
,SWANWICK ST,ZILLMERE
,TABBIL ST,ZILLMERE
,TANBAR ST,ZILLMERE
,TEDMAN ST,ZILLMERE
,THOMPSON ST,ZILLMERE
,TOLMIE ST,ZILLMERE
,TORINO ST,ZILLMERE
,TREVORLEA ST,ZILLMERE
,VICTORY ST,ZILLMERE
,WAVEY ST,ZILLMERE
,WESTON ST,ZILLMERE
,ZILLMERE RD,ZILLMERE
